ANNO|CODI_CONTRATTO|CODI_TIPO_VOCE_SPESA|DESC_TIPO_VOCE_SPESA|CODI_VOCE_SPESA|DESC_VOCE_SPESA|FLAG_SEGNO
2015|AFAM|F|VOCI ALIMENTAZIONE FUA|27I|DECURTAZIONE PERMANENTE EX ART. 1 C. 456 L. 147/2013|-
2015|AFAM|F|VOCI ALIMENTAZIONE FUA|69F|RISORSE STORICHE (ART. 42 CC. 1, 3, 4 CCNL 00-01)|+
2015|AFAM|F|VOCI ALIMENTAZIONE FUA|77F|RISORSE STORICHE 2003 E INCREM. CCNL 02-05 (ART. 71 C. 1)|+
2015|AFAM|F|VOCI ALIMENTAZIONE FUA|78F|INCREMENTI CCNL 04-05 (ART. 8 C. 1)|+
2015|AFAM|F|VOCI ALIMENTAZIONE FUA|79F|INCREMENTI CCNL 06-09 (ART. 17 C. 1)|+
2015|AFAM|F|VOCI ALIMENTAZIONE FUA|80F|RISORSE CARATTERE CERTEZZA E STABILITÀ DA EELL E ALTRI ENTI|+
2015|AFAM|F|VOCI ALIMENTAZIONE FUA|86H|ALTRE DECURTAZIONE DEL FONDO /  PARTE FISSA|-
2015|AFAM|F|VOCI ALIMENTAZIONE FUA|998|ALTRE RISORSE FISSE CON CARATTERE DI CERTEZZA E STABILITÀ|+
2015|AFAM|F|VOCI ALIMENTAZIONE FUA|999|SOMME NON UTILIZZATE FONDO ANNO PRECEDENTE|+
2015|AFAM|U|VOCI UTILIZZO FUA|01I|ALTRI ISTITUTI NON COMPRESI FRA I PRECEDENTI - STAB|+
2015|AFAM|U|VOCI UTILIZZO FUA|16I|QUOTE PERSONALE EP - VAR|+
2015|AFAM|U|VOCI UTILIZZO FUA|17I|QUOTE PERSONALE DOCENTE - VAR|+
2015|AFAM|U|VOCI UTILIZZO FUA|18I|QUOTE PERSONALE ATA- VAR|+
2015|AFAM|U|VOCI UTILIZZO FUA|449|RETRIBUZIONE DI RISULTATO|+
2015|AFAM|U|VOCI UTILIZZO FUA|508|RETRIBUZIONE DI POSIZIONE - PARTE FISSA|+
2015|AFAM|U|VOCI UTILIZZO FUA|509|RETRIBUZIONE DI POSIZIONE - PARTE VARIABILE|+
2015|AFAM|U|VOCI UTILIZZO FUA|839|QUOTE VINCOLATE/STORICHE PERSONALE EP|+
2015|AFAM|U|VOCI UTILIZZO FUA|841|QUOTE VINCOLATE/STORICHE PERSONALE DOCENTE|+
2015|AFAM|U|VOCI UTILIZZO FUA|842|QUOTE VINCOLATE/STORICHE PERSONALE ATA|+
2015|ASSI|F|VOCI ALIMENTAZIONE FUA|27I|DECURTAZIONE PERMANENTE EX ART. 1 C. 456 L. 147/2013|-
2015|ASSI|F|VOCI ALIMENTAZIONE FUA|49A|DECURT. PER LIMITE ART1 C189 L266/05-RIS.FISSE (2004-10%)|-
2015|ASSI|F|VOCI ALIMENTAZIONE FUA|53C|RISORSE EX ART. 19 C. 1 CCNL 02-05 (PREST. COMM. EST.)|+
2015|ASSI|F|VOCI ALIMENTAZIONE FUA|60C|RIA PERS. CESS. MIS. INTERA (ART 4 C 1 L. C  P 3 CCNL 00-01)|+
2015|ASSI|F|VOCI ALIMENTAZIONE FUA|68C|RIA CESS ANNO PREC RATEO ACC. (ART 4 C 1 L C P.2 CCNL00-01)|+
2015|ASSI|F|VOCI ALIMENTAZIONE FUA|76G|FONDO 2004 CERT ORG CONTR. /PARTE FISSA (ART1 C189 L266/05)|+
2015|ASSI|U|VOCI UTILIZZO FUA|01I|ALTRI ISTITUTI NON COMPRESI FRA I PRECEDENTI - STAB|+
2015|ASSI|U|VOCI UTILIZZO FUA|03I|RETRIBUZIONE DI RISULTATO - VAR|+
2015|ASSI|U|VOCI UTILIZZO FUA|05A|INCENT RISORSE EX ART19 C1 CCNL02-05 (PREST COMM EST)|+
2015|ASSI|U|VOCI UTILIZZO FUA|42A|INDENNITÀ DI ENTE (ANNUALE) - FONDO C|+
2015|ASSI|U|VOCI UTILIZZO FUA|43A|INDENNITÀ DI ENTE (MENSILE) - FONDO C|+
2015|ASSI|U|VOCI UTILIZZO FUA|508|RETRIBUZIONE DI POSIZIONE - PARTE FISSA|+
2015|ASSI|U|VOCI UTILIZZO FUA|509|RETRIBUZIONE DI POSIZIONE - PARTE VARIABILE|+
2015|ASSI|U|VOCI UTILIZZO FUA|593|INDENNITÀ PROFESSIONALE MENSILE|+
2015|ASSI|U|VOCI UTILIZZO FUA|594|INDENNITÀ ONERI SPECIFICI|+
2015|ASSI|U|VOCI UTILIZZO FUA|596|INDENNITÀ DIREZIONE STRUTTURA|+
2015|ASSI|U|VOCI UTILIZZO FUA|597|INDENNITÀ RESPONSABILITÀ PROFESSIONALE|+
2015|ASSI|U|VOCI UTILIZZO FUA|611|LAVORO STRAORDINARIO - FONDO A|+
2015|ASSI|U|VOCI UTILIZZO FUA|612|DISAGIO PERICOLO DANNO - FONDO B|+
2015|ASSI|U|VOCI UTILIZZO FUA|616|PRODUTTIVITÀ - FONDO E|+
2015|CDIP|F|VOCI ALIMENTAZIONE FUA|39F|RIS. STORICHE DPR 114/01 (ART. 17 C. 1 LL. A,B,G,H,I)|+
2015|CDIP|F|VOCI ALIMENTAZIONE FUA|40F|INCREMENTI ACCORDO 02-03 (ART. 4 C. 1 DPR 144/03)|+
2015|CDIP|F|VOCI ALIMENTAZIONE FUA|41F|INCREMENTI ACCORDO 04-07 (ART. 19 C. 1 DPR 107/06)|+
2015|CDIP|F|VOCI ALIMENTAZIONE FUA|42F|INCREMENTI ACCORDO 06-07 (ART. 6 CC. 1,4 DPR 94/08)|+
2015|CDIP|F|VOCI ALIMENTAZIONE FUA|43F|RIA PERS. CESS. RAPP. AD ANNO (ART. 16 CC. 3-4 DPR 114/01)|+
2015|CDIP|F|VOCI ALIMENTAZIONE FUA|44F|RISP. GEST. SPESA PERS. (ART. 17 C. 1 L. C DPR 114/01)|+
2015|CDIP|F|VOCI ALIMENTAZIONE FUA|51H|RISPARMI DI GESTIONE (ART. 43 L. 449/1997)|+
2015|CDIP|F|VOCI ALIMENTAZIONE FUA|54A|DECURT. PER LIMITE ART1 C189 L266/05 - RIS VAR (2004-10%)|-
2015|CDIP|F|VOCI ALIMENTAZIONE FUA|59H|INCREMENTI ACCORDO 08-09 (ART. 6 C. 1 DPR 206/10)|+
2015|CDIP|F|VOCI ALIMENTAZIONE FUA|91H|ALTRE DECURTAZIONI DEL FONDO /  PARTE VARIABILE|-
2015|CDIP|U|VOCI UTILIZZO FUA|448|RETRIBUZIONE DI POSIZIONE|+
2015|CDIP|U|VOCI UTILIZZO FUA|449|RETRIBUZIONE DI RISULTATO|+
2015|CNEL|F|VOCI ALIMENTAZIONE FUA|05H|INCREMENTI CCNL 04-05 (ART. 4 C. 1 ALINEA 2 E 3)|+
2015|CNEL|F|VOCI ALIMENTAZIONE FUA|11H|INCREMENTI CCNL 04-05 (ART. 7 C. 1 ALINEA 2 E 3)|+
2015|CNEL|F|VOCI ALIMENTAZIONE FUA|27I|DECURTAZIONE PERMANENTE EX ART. 1 C. 456 L. 147/2013|-
2015|CNEL|F|VOCI ALIMENTAZIONE FUA|49A|DECURT. PER LIMITE ART1 C189 L266/05-RIS.FISSE (2004-10%)|-
2015|CNEL|F|VOCI ALIMENTAZIONE FUA|52H|STABILE RIDUZ. DELLO STRAORD. (ART. 70 C. 2 P. 1 CCNL 98-01)|+
2015|CNEL|F|VOCI ALIMENTAZIONE FUA|53H|IND. AMM. CESSATI NETTA (ART. 71 C.1 L.D CCNL 98-01)|+
2015|CNEL|F|VOCI ALIMENTAZIONE FUA|54H|RIS DA FONDO STRAORD FINANZ POS ORG (ART22 CC3,7 CCNL 02-05)|+
2015|CNEL|F|VOCI ALIMENTAZIONE FUA|56H|NUOVI SERV. O RIORG. - VARIABILE (ART. 71 C. 2 CCNL 98-01)|+
2015|CNEL|F|VOCI ALIMENTAZIONE FUA|57E|INCREMENTI CCNL 06-09 (ART. 20 C. 1)|+
2015|CNEL|F|VOCI ALIMENTAZIONE FUA|61E|INCREMENTI CCNL 06-09 (ART. 23 C. 1)|+
2015|CNEL|F|VOCI ALIMENTAZIONE FUA|69E|INCREMENTI CCNL 04-05 (ART. 4)|+
2015|CNEL|F|VOCI ALIMENTAZIONE FUA|70E|INCREMENTI CCNL 06-09 (ART. 16 C. 1)|+
2015|CNEL|F|VOCI ALIMENTAZIONE FUA|72E|NUOVI SERV. O RIORG. - STABILE (ART. 71 C. 2 CCNL 98-01)|+
2015|CNEL|F|VOCI ALIMENTAZIONE FUA|73C|INCREMENTI CCNL 08-09 (ART. 4 C. 1)|+
2015|CNEL|F|VOCI ALIMENTAZIONE FUA|73E|RIA PERS. CESSATO MIS. INTERA (ART.5 C.1 L.B P.3 CCNL 00-01)|+
2015|CNEL|F|VOCI ALIMENTAZIONE FUA|74C|RIA PERS. CESSATO BASE ANNUA (ART.51 C. 4 P. 1 CCNL 02-05)|+
2015|CNEL|F|VOCI ALIMENTAZIONE FUA|76G|FONDO 2004 CERT ORG CONTR. /PARTE FISSA (ART1 C189 L266/05)|+
2015|CNEL|F|VOCI ALIMENTAZIONE FUA|77E|RISP. STRAORD. ANNO PREC.TE (ART. 70 C. 2 P. 2 CCNL 98-01)|+
2015|CNEL|F|VOCI ALIMENTAZIONE FUA|81E|RIA CESS. ANNO PREC MENS RESIDUE (ART5 C1 L. B P2 CCNL00-01)|+
2015|CNEL|F|VOCI ALIMENTAZIONE FUA|84C|INCREMENTI CCNL 08-09 (ART. 7 C. 1)|+
2015|CNEL|F|VOCI ALIMENTAZIONE FUA|86H|ALTRE DECURTAZIONE DEL FONDO /  PARTE FISSA|-
2015|CNEL|F|VOCI ALIMENTAZIONE FUA|89C|RIA PERS. CESSATO MISURA INTERA (ART58 C4 P1 CCNL02-05)|+
2015|CNEL|F|VOCI ALIMENTAZIONE FUA|91H|ALTRE DECURTAZIONI DEL FONDO /  PARTE VARIABILE|-
2015|CNEL|F|VOCI ALIMENTAZIONE FUA|998|ALTRE RISORSE FISSE CON CARATTERE DI CERTEZZA E STABILITÀ|+
2015|CNEL|U|VOCI UTILIZZO FUA|09A|PRODUTTIVITÀ / PERFORMANCE COLLETTIVA|+
2015|CNEL|U|VOCI UTILIZZO FUA|10A|PRODUTTIVITÀ / PERFORMANCE INDIVIDUALE|+
2015|CNEL|U|VOCI UTILIZZO FUA|255|PROGRESSIONI ORIZZONTALI STORICHE|+
2015|CNEL|U|VOCI UTILIZZO FUA|257|INDENNITÀ TURNO, RISCHIO, DISAGIO ECC.|+
2015|CNEL|U|VOCI UTILIZZO FUA|449|RETRIBUZIONE DI RISULTATO|+
2015|CNEL|U|VOCI UTILIZZO FUA|508|RETRIBUZIONE DI POSIZIONE - PARTE FISSA|+
2015|CNEL|U|VOCI UTILIZZO FUA|509|RETRIBUZIONE DI POSIZIONE - PARTE VARIABILE|+
2015|CNEL|U|VOCI UTILIZZO FUA|99H|PRODUTTIVITÀ / PERFORMANCE INDIVIDUALE - STAB|+
2015|CNEL|U|VOCI UTILIZZO FUA|998|ALTRI ISTITUTI NON COMPRESI FRA I PRECEDENTI|+
2015|CPRE|U|VOCI UTILIZZO FUA|508|RETRIBUZIONE DI POSIZIONE - PARTE FISSA|+
2015|CPRE|U|VOCI UTILIZZO FUA|509|RETRIBUZIONE DI POSIZIONE - PARTE VARIABILE|+
2015|ENAC|F|VOCI ALIMENTAZIONE FUA|02F|RIS. ALL'1.1.07 (ART 14 C. 2, C. 3 L. G, C. 8 CCNL 02-05SUC)|+
2015|ENAC|F|VOCI ALIMENTAZIONE FUA|03F|INCREMENTI CCNL 06-09 (ART. 19)|+
2015|ENAC|F|VOCI ALIMENTAZIONE FUA|04F|INCREMENTI CCNL 08-09 (ART. 6)|+
2015|ENAC|F|VOCI ALIMENTAZIONE FUA|05H|INCREMENTI CCNL 04-05 (ART. 4 C. 1 ALINEA 2 E 3)|+
2015|ENAC|F|VOCI ALIMENTAZIONE FUA|06F|RIA PERS. CESS. MIS INTERA(ART.14 C.3 L.F P.3 CCNL 02-05SUC)|+
2015|ENAC|F|VOCI ALIMENTAZIONE FUA|09F|QUOTA TARIFFAZ. INCARICHI (ART. 14 C. 3 L. E CCNL 02-05SUC|+
2015|ENAC|F|VOCI ALIMENTAZIONE FUA|11H|INCREMENTI CCNL 04-05 (ART. 7 C. 1 ALINEA 2 E 3)|+
2015|ENAC|F|VOCI ALIMENTAZIONE FUA|16F|INCREMENTI CCNL 04-05 (ART. 4 C. 1))|+
2015|ENAC|F|VOCI ALIMENTAZIONE FUA|17F|INCREMENTI CCNL 06-09 (ART. 17 C. 1)|+
2015|ENAC|F|VOCI ALIMENTAZIONE FUA|23F|RIA PERS. CESS. MISURA INTERA (ART17 C2 L. C P.3 CCNL 06-09)|+
2015|ENAC|F|VOCI ALIMENTAZIONE FUA|25F|QUOTA TARIFFAZ. INCARICHI (ART. 64 C. 1 L. G CCNL 98-01)|+
2015|ENAC|F|VOCI ALIMENTAZIONE FUA|27C|RIA PERSONALE CESSATO (ART. 55 C. 4 P. 1 CCNL 02-05)|+
2015|ENAC|F|VOCI ALIMENTAZIONE FUA|27I|DECURTAZIONE PERMANENTE EX ART. 1 C. 456 L. 147/2013|-
2015|ENAC|F|VOCI ALIMENTAZIONE FUA|29C|RIS DA TERZI PER INCARICHI AGG.VI (ART 55 C3 L. A CCNL02-05)|+
2015|ENAC|F|VOCI ALIMENTAZIONE FUA|49A|DECURT. PER LIMITE ART1 C189 L266/05-RIS.FISSE (2004-10%)|-
2015|ENAC|F|VOCI ALIMENTAZIONE FUA|54A|DECURT. PER LIMITE ART1 C189 L266/05 - RIS VAR (2004-10%)|-
2015|ENAC|F|VOCI ALIMENTAZIONE FUA|69H|RISPARMI INCAR NON DIRIG E STRAORD (ART17 C2 L.A CCNL06-09)|+
2015|ENAC|F|VOCI ALIMENTAZIONE FUA|70H|INDENNITÀ DI ENTE CESSATI (ART. 18 C. 2 P. 2 CCNL 06-09)|+
2015|ENAC|F|VOCI ALIMENTAZIONE FUA|71H|DECURTAZIONE FONDO EX ART. 17 C. 2 L. D CCNL 06-09|-
2015|ENAC|F|VOCI ALIMENTAZIONE FUA|72C|INCREMENTI CCNL 06-09 (ART. 19 C. 1)|+
2015|ENAC|F|VOCI ALIMENTAZIONE FUA|73C|INCREMENTI CCNL 08-09 (ART. 4 C. 1)|+
2015|ENAC|F|VOCI ALIMENTAZIONE FUA|76G|FONDO 2004 CERT ORG CONTR. /PARTE FISSA (ART1 C189 L266/05)|+
2015|ENAC|F|VOCI ALIMENTAZIONE FUA|86G|INCREMENTI CCNL 08-09 (ART. 7 C. 1)|+
2015|ENAC|F|VOCI ALIMENTAZIONE FUA|86H|ALTRE DECURTAZIONE DEL FONDO /  PARTE FISSA|-
2015|ENAC|F|VOCI ALIMENTAZIONE FUA|91E|NUOVI SERV. O RIORG. - VAR. (ART. 55 CC. 7-8 CCNL 02-05)|+
2015|ENAC|F|VOCI ALIMENTAZIONE FUA|93E|INCREMENTI CCNL 06-09 (ART. 30 C. 1)|+
2015|ENAC|F|VOCI ALIMENTAZIONE FUA|96E|RIA PERS. CESS. MISURA INTERA(ART.82 C.3 L.F P.3 CCNL 02-05)|+
2015|ENAC|F|VOCI ALIMENTAZIONE FUA|99E|QUOTA TARIFFAZ. INCARICHI (ART. 82 C. 3 L. E CCNL 02-05)|+
2015|ENAC|U|VOCI UTILIZZO FUA|01I|ALTRI ISTITUTI NON COMPRESI FRA I PRECEDENTI - STAB|+
2015|ENAC|U|VOCI UTILIZZO FUA|03I|RETRIBUZIONE DI RISULTATO - VAR|+
2015|ENAC|U|VOCI UTILIZZO FUA|09A|PRODUTTIVITÀ / PERFORMANCE COLLETTIVA|+
2015|ENAC|U|VOCI UTILIZZO FUA|255|PROGRESSIONI ORIZZONTALI STORICHE|+
2015|ENAC|U|VOCI UTILIZZO FUA|257|INDENNITÀ TURNO, RISCHIO, DISAGIO ECC.|+
2015|ENAC|U|VOCI UTILIZZO FUA|448|RETRIBUZIONE DI POSIZIONE|+
2015|ENAC|U|VOCI UTILIZZO FUA|449|RETRIBUZIONE DI RISULTATO|+
2015|ENAC|U|VOCI UTILIZZO FUA|508|RETRIBUZIONE DI POSIZIONE - PARTE FISSA|+
2015|ENAC|U|VOCI UTILIZZO FUA|509|RETRIBUZIONE DI POSIZIONE - PARTE VARIABILE|+
2015|ENAC|U|VOCI UTILIZZO FUA|782|INDENNITÀ PROFESSIONALE|+
2015|ENAC|U|VOCI UTILIZZO FUA|783|PASSAGGI DI LIVELLO ECONOMICO STORICI|+
2015|ENAC|U|VOCI UTILIZZO FUA|791|INDENNITÀ DI POSIZIONE|+
2015|ENAC|U|VOCI UTILIZZO FUA|794|INDENNITÀ|+
2015|ENAC|U|VOCI UTILIZZO FUA|808|ONERI TFR INDENITÀ DI ENTE (ART. 18 C. 4 CCNL 06-09)|+
2015|ENAC|U|VOCI UTILIZZO FUA|809|INDENITÀ PROFESSIONALE|+
2015|ENAC|U|VOCI UTILIZZO FUA|97H|PROGRESSIONI ORIZZONTALI FONDO ANNO DI RIF.TO|+
2015|ENAC|U|VOCI UTILIZZO FUA|98H|PRODUTTIVITÀ / PERFORMANCE COLLETTIVA - STAB|+
2015|ENAC|U|VOCI UTILIZZO FUA|99H|PRODUTTIVITÀ / PERFORMANCE INDIVIDUALE - STAB|+
2015|ENAC|U|VOCI UTILIZZO FUA|998|ALTRI ISTITUTI NON COMPRESI FRA I PRECEDENTI|+
2015|EPNE|F|VOCI ALIMENTAZIONE FUA|01H|INCREMENTI CCNL 06-09 (ART. 39 C. 1)|+
2015|EPNE|F|VOCI ALIMENTAZIONE FUA|02H|INCREMENTI CCNL 08-09 (ART. 10 C. 1)|+
2015|EPNE|F|VOCI ALIMENTAZIONE FUA|03H|RIA PERS. CESSATO BASE ANNUA (ART 86 C 4 P 1 CCNL 94-97)|+
2015|EPNE|F|VOCI ALIMENTAZIONE FUA|04H|RIA PERS. CESS. RATEO ANNO CESS (ART 86 C 4 P 2 CCNL 94-97)|+
2015|EPNE|F|VOCI ALIMENTAZIONE FUA|05H|INCREMENTI CCNL 04-05 (ART. 4 C. 1 ALINEA 2 E 3)|+
2015|EPNE|F|VOCI ALIMENTAZIONE FUA|06H|INCREMENTI CCNL 06-09 (ART. 18 C. 1)|+
2015|EPNE|F|VOCI ALIMENTAZIONE FUA|07H|INCREMENTI CCNL 08-09 (ART. 4 C. 1)|+
2015|EPNE|F|VOCI ALIMENTAZIONE FUA|08H|RIA PERSONALE CESSATO BASE ANNUA (ART52  C.4 P.1 CCNL 02-05)|+
2015|EPNE|F|VOCI ALIMENTAZIONE FUA|09C|RISORSE ART. 18 L. 88/89 (ART. 42 C. 2 L. F CCNL 98-01)|+
2015|EPNE|F|VOCI ALIMENTAZIONE FUA|09H|NUOVI SERVIZI/RIORG/INCR DOT ORG  (ART. 52 C. 7 CCNL02-05)|+
2015|EPNE|F|VOCI ALIMENTAZIONE FUA|10H|RIA PERS. CESSATO RATEO ANNO CESS (ART52 C.4 P.2 CCNL 02-05)|+
2015|EPNE|F|VOCI ALIMENTAZIONE FUA|11H|INCREMENTI CCNL 04-05 (ART. 7 C. 1 ALINEA 2 E 3)|+
2015|EPNE|F|VOCI ALIMENTAZIONE FUA|12H|INCREMENTI CCNL 06-09 (ART. 21 C. 1)|+
2015|EPNE|F|VOCI ALIMENTAZIONE FUA|13H|RIA PERSONALE CESSATO BASE ANNUA (ART59  C.4 P.1 CCNL 02-05)|+
2015|EPNE|F|VOCI ALIMENTAZIONE FUA|14H|RIA PERS. CESSATO RATEO ANNO CESS (ART59 C.4 P.2 CCNL 02-05)|+
2015|EPNE|F|VOCI ALIMENTAZIONE FUA|18H|RISORSE ART. 18 L. 88/89 (ART. 43 C. 2 L. F CCNL 98-01)|+
2015|EPNE|F|VOCI ALIMENTAZIONE FUA|20I|DEC PER CESS. A FAVORE FONDO AREE (ART. 25 C. 4 CCNL 02-05)|-
2015|EPNE|F|VOCI ALIMENTAZIONE FUA|24I|PROG. ORIZZ. EX C. 193 L. 266/05 - VALORE ANNO CORRENTE|+
2015|EPNE|F|VOCI ALIMENTAZIONE FUA|27I|DECURTAZIONE PERMANENTE EX ART. 1 C. 456 L. 147/2013|-
2015|EPNE|F|VOCI ALIMENTAZIONE FUA|49A|DECURT. PER LIMITE ART1 C189 L266/05-RIS.FISSE (2004-10%)|-
2015|EPNE|F|VOCI ALIMENTAZIONE FUA|50H|ENTRATE CONTO TERZI O UTENZA O SPONSORIZZ. (ART 43 L 449/97)|+
2015|EPNE|F|VOCI ALIMENTAZIONE FUA|51H|RISPARMI DI GESTIONE (ART. 43 L. 449/1997)|+
2015|EPNE|F|VOCI ALIMENTAZIONE FUA|54A|DECURT. PER LIMITE ART1 C189 L266/05 - RIS VAR (2004-10%)|-
2015|EPNE|F|VOCI ALIMENTAZIONE FUA|55B|RISORSE ART. 18 L. 88/89 (ART. 52 C. 3 L. E CCNL 02-05)|+
2015|EPNE|F|VOCI ALIMENTAZIONE FUA|62B|NUOVI SERVIZI/RIORG/INCR DOT ORG  (ART. 59 C. 9 CCNL 02-05)|+
2015|EPNE|F|VOCI ALIMENTAZIONE FUA|63B|RIS. DA TERZI PER INCAR. AGG.VI (ART 59 C 3 L. A CCNL02-05)|+
2015|EPNE|F|VOCI ALIMENTAZIONE FUA|66B|RISORSE ART. 18 L. 88/89 (ART. 59 C. 3 L. G CCNL 02-05)|+
2015|EPNE|F|VOCI ALIMENTAZIONE FUA|72B|INCREMENTI CCNL 04-05 (ARTT. 5 C. 1 - 6 C. 2)|+
2015|EPNE|F|VOCI ALIMENTAZIONE FUA|73B|INCREMENTI CCNL 06-09 (ART. 36 C. 1)|+
2015|EPNE|F|VOCI ALIMENTAZIONE FUA|74B|INCREMENTI CCNL 18.02.09 (ART. 1 C. 2)|+
2015|EPNE|F|VOCI ALIMENTAZIONE FUA|75B|RIDUZIONE PERSONALE (ART. 4 C. 3 L. B CCNL 00-01)|+
2015|EPNE|F|VOCI ALIMENTAZIONE FUA|76B|INCREMENTI CESS. O PASS. AREA (ART. 4 C. 3 L. D CCNL 00-01)|+
2015|EPNE|F|VOCI ALIMENTAZIONE FUA|76G|FONDO 2004 CERT ORG CONTR. /PARTE FISSA (ART1 C189 L266/05)|+
2015|EPNE|F|VOCI ALIMENTAZIONE FUA|77B|RIA PERSONALE CESSATO BASE ANNUA (ART 4 C 3 L C CCNL 00-01)|+
2015|EPNE|F|VOCI ALIMENTAZIONE FUA|79B|NUOVI SERVIZI/RIORG/INCR DOT ORG  (ART. 4 C. 10 CCNL 00-01)|+
2015|EPNE|F|VOCI ALIMENTAZIONE FUA|80B|DECURTAZIONE FONDO PER PROGRESSIONI (L. 266/05 C. 193)|-
2015|EPNE|F|VOCI ALIMENTAZIONE FUA|81B|RISPARMI DI GESTIONE PERSONALE(ART. 31 C. 1 L. C CCNL 98-01)|+
2015|EPNE|F|VOCI ALIMENTAZIONE FUA|82B|DISP. L. RISP. INC. PERS. (ART. 31 C. 1 L. D CCNL 98-01)|+
2015|EPNE|F|VOCI ALIMENTAZIONE FUA|83B|EC. DA PART TIME (ART. 31 C. 1 L. F CCNL 98-01)|+
2015|EPNE|F|VOCI ALIMENTAZIONE FUA|85B|RISORSE ART. 18 L. 88/89 (ART. 31 C. 1 L. H CCNL 98-01)|+
2015|EPNE|F|VOCI ALIMENTAZIONE FUA|86B|NUOVI SERVIZI / RIORGANIZZAZIONE (ART. 4 C. 10 CCNL 00-01)|+
2015|EPNE|F|VOCI ALIMENTAZIONE FUA|86G|INCREMENTI CCNL 08-09 (ART. 7 C. 1)|+
2015|EPNE|F|VOCI ALIMENTAZIONE FUA|86H|ALTRE DECURTAZIONE DEL FONDO /  PARTE FISSA|-
2015|EPNE|F|VOCI ALIMENTAZIONE FUA|90G|INCREMENTI CCNL 04-05 (ART. 14 C. 1 ALINEA 2 E 3)|+
2015|EPNE|F|VOCI ALIMENTAZIONE FUA|91G|INCREMENTI CCNL 06-07 (ART. 40 C. 1)|+
2015|EPNE|F|VOCI ALIMENTAZIONE FUA|91H|ALTRE DECURTAZIONI DEL FONDO /  PARTE VARIABILE|-
2015|EPNE|F|VOCI ALIMENTAZIONE FUA|92G|INCREMENTI CCNL 08-09 (ART. 11 C. 1)|+
2015|EPNE|F|VOCI ALIMENTAZIONE FUA|93G|RIA PERSONALE CESSATO BASE ANNUA (ART14 CC 2-3 CCNL 14.4.97)|+
2015|EPNE|F|VOCI ALIMENTAZIONE FUA|94B|INCREMENTI CCNL 04-05 (ART. 5 C. 2 ART. 6 C. 2)|+
2015|EPNE|F|VOCI ALIMENTAZIONE FUA|94G|RIA PERS. CESSATO RATEO ANNO CESS (ART14 CC2-3 CCNL 14.4.97)|+
2015|EPNE|F|VOCI ALIMENTAZIONE FUA|95B|INCREMENTI CCNL 06-09 (ART. 36 C. 2)|+
2015|EPNE|F|VOCI ALIMENTAZIONE FUA|95G|INCREM. CESSATI QUAL. ESAURIMENTO (ART. 25 C. 4 CCNL 02-05)|+
2015|EPNE|F|VOCI ALIMENTAZIONE FUA|96G|RIA PERS CESSATO RATEO ANNO CESS (ART.4 C.3 L. C CCNL 00-01)|+
2015|EPNE|F|VOCI ALIMENTAZIONE FUA|96H|ECONOMIE AGGIUNTIVE (ART. 16 CC. 4-5 L. 111/11)|+
2015|EPNE|F|VOCI ALIMENTAZIONE FUA|99G|INCREMENTI CCNL 04-05 (ART. 12 C. 1 ALINEA 2)|+
2015|EPNE|F|VOCI ALIMENTAZIONE FUA|995|ALTRE RISORSE VARIABILI|+
2015|EPNE|F|VOCI ALIMENTAZIONE FUA|998|ALTRE RISORSE FISSE CON CARATTERE DI CERTEZZA E STABILITÀ|+
2015|EPNE|F|VOCI ALIMENTAZIONE FUA|999|SOMME NON UTILIZZATE FONDO ANNO PRECEDENTE|+
2015|EPNE|U|VOCI UTILIZZO FUA|01I|ALTRI ISTITUTI NON COMPRESI FRA I PRECEDENTI - STAB|+
2015|EPNE|U|VOCI UTILIZZO FUA|03I|RETRIBUZIONE DI RISULTATO - VAR|+
2015|EPNE|U|VOCI UTILIZZO FUA|09A|PRODUTTIVITÀ / PERFORMANCE COLLETTIVA|+
2015|EPNE|U|VOCI UTILIZZO FUA|10A|PRODUTTIVITÀ / PERFORMANCE INDIVIDUALE|+
2015|EPNE|U|VOCI UTILIZZO FUA|10I|RETRIBUZIONE RISULTATO PROFESSIONISTI LEGALI|+
2015|EPNE|U|VOCI UTILIZZO FUA|11I|RETRIBUZIONE RISULTATO ALTRI PROFESSIONISTI|+
2015|EPNE|U|VOCI UTILIZZO FUA|12I|RETRIBUZIONE RISULTATO PROFESSIONISTI LEGALI -VAR|+
2015|EPNE|U|VOCI UTILIZZO FUA|13A|QUOTA ANNUALE TFR CARICO FONDO (ART. 6 C. 4 CCNL 08-09)|+
2015|EPNE|U|VOCI UTILIZZO FUA|13I|RETRIBUZIONE RISULTATO ALTRI PROFESSIONISTI - VAR|+
2015|EPNE|U|VOCI UTILIZZO FUA|14A|PROG. ORIZZ. EX C. 193 L. 266/05 - VALORE ANNO CORRENTE|+
2015|EPNE|U|VOCI UTILIZZO FUA|255|PROGRESSIONI ORIZZONTALI STORICHE|+
2015|EPNE|U|VOCI UTILIZZO FUA|257|INDENNITÀ TURNO, RISCHIO, DISAGIO ECC.|+
2015|EPNE|U|VOCI UTILIZZO FUA|264|INDENNITÀ DI SPECIFICITÀ MEDICA|+
2015|EPNE|U|VOCI UTILIZZO FUA|267|SPECIFICO TRATTAMENTO ECONOMICO|+
2015|EPNE|U|VOCI UTILIZZO FUA|449|RETRIBUZIONE DI RISULTATO|+
2015|EPNE|U|VOCI UTILIZZO FUA|45A|RETRIBUZIONE DI POSIZIONE PARTE VARIABILE AZIENDALE|+
2015|EPNE|U|VOCI UTILIZZO FUA|508|RETRIBUZIONE DI POSIZIONE - PARTE FISSA|+
2015|EPNE|U|VOCI UTILIZZO FUA|509|RETRIBUZIONE DI POSIZIONE - PARTE VARIABILE|+
2015|EPNE|U|VOCI UTILIZZO FUA|524|INDENNITÀ DI ENTE|+
2015|EPNE|U|VOCI UTILIZZO FUA|542|MOBILITÀ|+
2015|EPNE|U|VOCI UTILIZZO FUA|552|INDENNITÀ COORDINAMENTO|+
2015|EPNE|U|VOCI UTILIZZO FUA|554|INDENNITÀ PROFESSIONISTI LEGALI|+
2015|EPNE|U|VOCI UTILIZZO FUA|556|INDENNITÀ ALTRI PROFESSIONISTI|+
2015|EPNE|U|VOCI UTILIZZO FUA|566|RETRIBUZIONE DI POSIZIONE - COMPONENTI FISSE|+
2015|EPNE|U|VOCI UTILIZZO FUA|893|POSIZIONI ORGANIZZATIVE|+
2015|EPNE|U|VOCI UTILIZZO FUA|97H|PROGRESSIONI ORIZZONTALI FONDO ANNO DI RIF.TO|+
2015|EPNE|U|VOCI UTILIZZO FUA|98H|PRODUTTIVITÀ / PERFORMANCE COLLETTIVA - STAB|+
2015|EPNE|U|VOCI UTILIZZO FUA|99H|PRODUTTIVITÀ / PERFORMANCE INDIVIDUALE - STAB|+
2015|EPNE|U|VOCI UTILIZZO FUA|998|ALTRI ISTITUTI NON COMPRESI FRA I PRECEDENTI|+
2015|ERIC|F|VOCI ALIMENTAZIONE FUA|07H|INCREMENTI CCNL 08-09 (ART. 4 C. 1)|+
2015|ERIC|F|VOCI ALIMENTAZIONE FUA|23H|(EVENT.) RIS. NON UTILIZ. ART64 CCNL98-01(ART8 C3 CCNL00-01)|+
2015|ERIC|F|VOCI ALIMENTAZIONE FUA|26H|INCREMENTI CCNL 04-05 (ART. 4 C. 1 ALINEA 2-3)|+
2015|ERIC|F|VOCI ALIMENTAZIONE FUA|27C|RIA PERSONALE CESSATO (ART. 55 C. 4 P. 1 CCNL 02-05)|+
2015|ERIC|F|VOCI ALIMENTAZIONE FUA|27H|INCREMENTI CCNL 06-09 (ART. 19 C. 1)|+
2015|ERIC|F|VOCI ALIMENTAZIONE FUA|27I|DECURTAZIONE PERMANENTE EX ART. 1 C. 456 L. 147/2013|-
2015|ERIC|F|VOCI ALIMENTAZIONE FUA|28C|INCR. STAB. DOT. ORG. E REL. COP.RA (ART. 55 C.7 CCNL 02-05)|+
2015|ERIC|F|VOCI ALIMENTAZIONE FUA|28H|INCREMENTI CCNL 04-05 (ART. 7 C. 1 ALINEA 2-3)|+
2015|ERIC|F|VOCI ALIMENTAZIONE FUA|36C|RIA PERS. CESSATO MISURA INTERA (ART.62 C. 4 P.1 CCNL 02-05)|+
2015|ERIC|F|VOCI ALIMENTAZIONE FUA|37C|NUOVI SERV O INCR DOT.ORG - STAB (ART. 62 C. 7 CCNL 02-05)|+
2015|ERIC|F|VOCI ALIMENTAZIONE FUA|40C|RIS DA TERZI PER INCARICHI AGG.VI  (ART62 C3 L. D CCNL02-05)|+
2015|ERIC|F|VOCI ALIMENTAZIONE FUA|42C|RIA PERS CESS ANNO PREC MENS RES. (ART62 C4 P2-3 CCNL 02-05)|+
2015|ERIC|F|VOCI ALIMENTAZIONE FUA|45C|INCREMENTI CCNL 06-09 (ART. 15 C. 1)|+
2015|ERIC|F|VOCI ALIMENTAZIONE FUA|49A|DECURT. PER LIMITE ART1 C189 L266/05-RIS.FISSE (2004-10%)|-
2015|ERIC|F|VOCI ALIMENTAZIONE FUA|49C|RISP. ART. 2 C. 3 DLGS 165/01 (ART. 9 C. 2 L. C CCNL 00-01)|+
2015|ERIC|F|VOCI ALIMENTAZIONE FUA|50C|RIORDINO, NUOVI SERV. O RIORG. STAB (ART. 9 C. 3 CCNL 00-01)|+
2015|ERIC|F|VOCI ALIMENTAZIONE FUA|50H|ENTRATE CONTO TERZI O UTENZA O SPONSORIZZ. (ART 43 L 449/97)|+
2015|ERIC|F|VOCI ALIMENTAZIONE FUA|51C|SPEC. DISP. LEGGE (ART. 9 C. 2 L. D CCNL 00-01)|+
2015|ERIC|F|VOCI ALIMENTAZIONE FUA|53C|RISORSE EX ART. 19 C. 1 CCNL 02-05 (PREST. COMM. EST.)|+
2015|ERIC|F|VOCI ALIMENTAZIONE FUA|54A|DECURT. PER LIMITE ART1 C189 L266/05 - RIS VAR (2004-10%)|-
2015|ERIC|F|VOCI ALIMENTAZIONE FUA|57C|INCREMENTI CCNL 04-05 (ART. 4 C. 1, ART. 5 CC. 2-3)|+
2015|ERIC|F|VOCI ALIMENTAZIONE FUA|58C|INCREMENTI CCNL 06-09 (ART. 10, ART. 11 C. 2)|+
2015|ERIC|F|VOCI ALIMENTAZIONE FUA|59C|INCREMENTI CCNL 08-09 (ART. 5, ART. 6 C. 2)|+
2015|ERIC|F|VOCI ALIMENTAZIONE FUA|60C|RIA PERS. CESS. MIS. INTERA (ART 4 C 1 L. C  P 3 CCNL 00-01)|+
2015|ERIC|F|VOCI ALIMENTAZIONE FUA|62C|RIORDINO, NUOVI SERV. O RIORG. STAB (ART. 4 C. 3 CCNL 00-01)|+
2015|ERIC|F|VOCI ALIMENTAZIONE FUA|64C|EVENT. RISPARMI ART 53 CCNL98-01 (ART4 C1 L C P.4 CCNL00-01)|+
2015|ERIC|F|VOCI ALIMENTAZIONE FUA|68C|RIA CESS ANNO PREC RATEO ACC. (ART 4 C 1 L C P.2 CCNL00-01)|+
2015|ERIC|F|VOCI ALIMENTAZIONE FUA|69C|PROGR. ECONOMICHE ORIZZ. (ART. 53 CCNL 98-01 E SUCC. MOD.)|+
2015|ERIC|F|VOCI ALIMENTAZIONE FUA|76G|FONDO 2004 CERT ORG CONTR. /PARTE FISSA (ART1 C189 L266/05)|+
2015|ERIC|F|VOCI ALIMENTAZIONE FUA|85G|INCREMENTI CCNL 06-09 (ART. 22 C. 1)|+
2015|ERIC|F|VOCI ALIMENTAZIONE FUA|86G|INCREMENTI CCNL 08-09 (ART. 7 C. 1)|+
2015|ERIC|F|VOCI ALIMENTAZIONE FUA|86H|ALTRE DECURTAZIONE DEL FONDO /  PARTE FISSA|-
2015|ERIC|F|VOCI ALIMENTAZIONE FUA|91H|ALTRE DECURTAZIONI DEL FONDO /  PARTE VARIABILE|-
2015|ERIC|F|VOCI ALIMENTAZIONE FUA|995|ALTRE RISORSE VARIABILI|+
2015|ERIC|F|VOCI ALIMENTAZIONE FUA|998|ALTRE RISORSE FISSE CON CARATTERE DI CERTEZZA E STABILITÀ|+
2015|ERIC|F|VOCI ALIMENTAZIONE FUA|999|SOMME NON UTILIZZATE FONDO ANNO PRECEDENTE|+
2015|ERIC|U|VOCI UTILIZZO FUA|01I|ALTRI ISTITUTI NON COMPRESI FRA I PRECEDENTI - STAB|+
2015|ERIC|U|VOCI UTILIZZO FUA|03I|RETRIBUZIONE DI RISULTATO - VAR|+
2015|ERIC|U|VOCI UTILIZZO FUA|05A|INCENT RISORSE EX ART19 C1 CCNL02-05 (PREST COMM EST)|+
2015|ERIC|U|VOCI UTILIZZO FUA|14I|PROCEDURE ART. 54 CCNL 98-01 (CIRC. FP N. 11786/2011)|+
2015|ERIC|U|VOCI UTILIZZO FUA|15I|PRODUTTIVITÀ - FONDO E - VAR.|+
2015|ERIC|U|VOCI UTILIZZO FUA|42A|INDENNITÀ DI ENTE (ANNUALE) - FONDO C|+
2015|ERIC|U|VOCI UTILIZZO FUA|43A|INDENNITÀ DI ENTE (MENSILE) - FONDO C|+
2015|ERIC|U|VOCI UTILIZZO FUA|449|RETRIBUZIONE DI RISULTATO|+
2015|ERIC|U|VOCI UTILIZZO FUA|508|RETRIBUZIONE DI POSIZIONE - PARTE FISSA|+
2015|ERIC|U|VOCI UTILIZZO FUA|509|RETRIBUZIONE DI POSIZIONE - PARTE VARIABILE|+
2015|ERIC|U|VOCI UTILIZZO FUA|54A|INDENNITÀ SPECIFICA RESPONSABILITÀ|+
2015|ERIC|U|VOCI UTILIZZO FUA|593|INDENNITÀ PROFESSIONALE MENSILE|+
2015|ERIC|U|VOCI UTILIZZO FUA|594|INDENNITÀ ONERI SPECIFICI|+
2015|ERIC|U|VOCI UTILIZZO FUA|596|INDENNITÀ DIREZIONE STRUTTURA|+
2015|ERIC|U|VOCI UTILIZZO FUA|597|INDENNITÀ RESPONSABILITÀ PROFESSIONALE|+
2015|ERIC|U|VOCI UTILIZZO FUA|598|INDENNITÀ SPECIFICHE DISPOSIZIONI NORMATIVE|+
2015|ERIC|U|VOCI UTILIZZO FUA|611|LAVORO STRAORDINARIO - FONDO A|+
2015|ERIC|U|VOCI UTILIZZO FUA|612|DISAGIO PERICOLO DANNO - FONDO B|+
2015|ERIC|U|VOCI UTILIZZO FUA|614|POSIZIONE - FONDO D|+
2015|ERIC|U|VOCI UTILIZZO FUA|616|PRODUTTIVITÀ - FONDO E|+
2015|ERIC|U|VOCI UTILIZZO FUA|617|PROGRESSIONI ECONOMICHE (ART. 53 CCNL 98-01 E SUCC. MOD.)|+
2015|ERIC|U|VOCI UTILIZZO FUA|998|ALTRI ISTITUTI NON COMPRESI FRA I PRECEDENTI|+
2015|MNST|F|VOCI ALIMENTAZIONE FUA|04D|INCREMENTI CCNL 04-05 (ART. 5 C. 2)|+
2015|MNST|F|VOCI ALIMENTAZIONE FUA|05D|INCREMENTI CCNL 06-09 (ART. 32 C. 1)|+
2015|MNST|F|VOCI ALIMENTAZIONE FUA|05H|INCREMENTI CCNL 04-05 (ART. 4 C. 1 ALINEA 2 E 3)|+
2015|MNST|F|VOCI ALIMENTAZIONE FUA|06D|INCREMENTI CCNL 08-09 (ART. 6 C. 2)|+
2015|MNST|F|VOCI ALIMENTAZIONE FUA|07D|RIA PERSONALE CESSATO (ART. 6 C. 1 AL. 1 P. 3 CCNL 00-01)|+
2015|MNST|F|VOCI ALIMENTAZIONE FUA|07H|INCREMENTI CCNL 08-09 (ART. 4 C. 1)|+
2015|MNST|F|VOCI ALIMENTAZIONE FUA|08D|IND. AMM.NE CESSATI NETTA (DICH. CONG. 3 CCNL 00-01)|+
2015|MNST|F|VOCI ALIMENTAZIONE FUA|09D|INCREM. CESS. O PASS. AREA (ART. 6 C. 1 AL. 2 CCNL 00-01)|+
2015|MNST|F|VOCI ALIMENTAZIONE FUA|10D|RISP. RID. PERSONALE (ART. 6 C. 1 AL. 3 CCNL 00-01)|+
2015|MNST|F|VOCI ALIMENTAZIONE FUA|11D|RISP. DI GEST. SPESE PERS. (ART. 31 C. 1 AL. 3 CCNL 98-01)|+
2015|MNST|F|VOCI ALIMENTAZIONE FUA|11H|INCREMENTI CCNL 04-05 (ART. 7 C. 1 ALINEA 2 E 3)|+
2015|MNST|F|VOCI ALIMENTAZIONE FUA|12D|SPEC. DISP. NORMATIVE (ART. 31 C. 1 AL. 4 CCNL 98-01)|+
2015|MNST|F|VOCI ALIMENTAZIONE FUA|13D|DISP. LEGGE/REG./ATTI AMM. (ART. 31 C. 1 AL. 7 CCNL 98-01)|+
2015|MNST|F|VOCI ALIMENTAZIONE FUA|14D|RIA CESS. ANNO PREC. ACC. (ART. 6 C. 1 AL.1 P. 2 CCNL 00-01)|+
2015|MNST|F|VOCI ALIMENTAZIONE FUA|15D|IND. AMM. CESS NETTA ANNO PREC. (DICH. CONG. 3 CCNL 00-01)|+
2015|MNST|F|VOCI ALIMENTAZIONE FUA|24I|PROG. ORIZZ. EX C. 193 L. 266/05 - VALORE ANNO CORRENTE|+
2015|MNST|F|VOCI ALIMENTAZIONE FUA|27H|INCREMENTI CCNL 06-09 (ART. 19 C. 1)|+
2015|MNST|F|VOCI ALIMENTAZIONE FUA|27I|DECURTAZIONE PERMANENTE EX ART. 1 C. 456 L. 147/2013|-
2015|MNST|F|VOCI ALIMENTAZIONE FUA|36H|RISP. RISORSE STRAORD. ANNO PREC. (ART. 30 C. 3 CCNL 98-01)|+
2015|MNST|F|VOCI ALIMENTAZIONE FUA|37H|MIN. SALUTE INCREMENTI CCNL 04-05 (ART. 9 C. 3 L. B, C. 4)|+
2015|MNST|F|VOCI ALIMENTAZIONE FUA|49A|DECURT. PER LIMITE ART1 C189 L266/05-RIS.FISSE (2004-10%)|-
2015|MNST|F|VOCI ALIMENTAZIONE FUA|50H|ENTRATE CONTO TERZI O UTENZA O SPONSORIZZ. (ART 43 L 449/97)|+
2015|MNST|F|VOCI ALIMENTAZIONE FUA|51H|RISPARMI DI GESTIONE (ART. 43 L. 449/1997)|+
2015|MNST|F|VOCI ALIMENTAZIONE FUA|54A|DECURT. PER LIMITE ART1 C189 L266/05 - RIS VAR (2004-10%)|-
2015|MNST|F|VOCI ALIMENTAZIONE FUA|74C|RIA PERS. CESSATO BASE ANNUA (ART.51 C. 4 P. 1 CCNL 02-05)|+
2015|MNST|F|VOCI ALIMENTAZIONE FUA|75C|NUOVI SERV. O RIORG. - STAB (ART. 51 C. 7 CCNL 02-05)|+
2015|MNST|F|VOCI ALIMENTAZIONE FUA|76C|RIS. INCARICHI AGG.VI (ART. 51 C. 3 L. C CCNL 02-05)|+
2015|MNST|F|VOCI ALIMENTAZIONE FUA|76G|FONDO 2004 CERT ORG CONTR. /PARTE FISSA (ART1 C189 L266/05)|+
2015|MNST|F|VOCI ALIMENTAZIONE FUA|77C|RIA CESS. ANNO PREC. ACC. (ART. 51 C. 4 PP. 2-3 CCNL 02-05)|+
2015|MNST|F|VOCI ALIMENTAZIONE FUA|80B|DECURTAZIONE FONDO PER PROGRESSIONI (L. 266/05 C. 193)|-
2015|MNST|F|VOCI ALIMENTAZIONE FUA|83C|INCREMENTI CCNL (06-09 ART. 22 C. 1)|+
2015|MNST|F|VOCI ALIMENTAZIONE FUA|84C|INCREMENTI CCNL 08-09 (ART. 7 C. 1)|+
2015|MNST|F|VOCI ALIMENTAZIONE FUA|86H|ALTRE DECURTAZIONE DEL FONDO /  PARTE FISSA|-
2015|MNST|F|VOCI ALIMENTAZIONE FUA|87C|MIN. SALUTE INCREMENTI CCNL 06-09 (ART. 28 CC. 3-4)|+
2015|MNST|F|VOCI ALIMENTAZIONE FUA|88C|MIN. SALUTE INCREMENTI CCNL 08-09 (ART. 8 CC. 3-4)|+
2015|MNST|F|VOCI ALIMENTAZIONE FUA|89C|RIA PERS. CESSATO MISURA INTERA (ART58 C4 P1 CCNL02-05)|+
2015|MNST|F|VOCI ALIMENTAZIONE FUA|90C|NUOVI SERV. O RIORG. - STAB (ART. 58 C. 7 CCNL 02-05)|+
2015|MNST|F|VOCI ALIMENTAZIONE FUA|91C|RATEO RIA CESS ANNO PREC. ACC. (ART 58 C 4 PP 2-3 CCNL02-05)|+
2015|MNST|F|VOCI ALIMENTAZIONE FUA|91H|ALTRE DECURTAZIONI DEL FONDO /  PARTE VARIABILE|-
2015|MNST|F|VOCI ALIMENTAZIONE FUA|92C|SPEC. DISP. DI LEGGE O REG.TI (ART. 58 C. 3 L. B CCNL 02-05)|+
2015|MNST|F|VOCI ALIMENTAZIONE FUA|94C|RIS. DA TERZI INCARICHI AGG.VI (ART.58 C. 3 L. D CCNL 02-05)|+
2015|MNST|F|VOCI ALIMENTAZIONE FUA|98C|DECURT. DEFIN. FUA ART. 31 C.7 CCNL 06-09 (PEREQ. IND. AMM.)|-
2015|MNST|F|VOCI ALIMENTAZIONE FUA|99C|DECURT. DEFIN. FUA ART. 36 CCNL 06-09 (PR. VERT. I-II AREA)|-
2015|MNST|F|VOCI ALIMENTAZIONE FUA|995|ALTRE RISORSE VARIABILI|+
2015|MNST|F|VOCI ALIMENTAZIONE FUA|998|ALTRE RISORSE FISSE CON CARATTERE DI CERTEZZA E STABILITÀ|+
2015|MNST|F|VOCI ALIMENTAZIONE FUA|999|SOMME NON UTILIZZATE FONDO ANNO PRECEDENTE|+
2015|MNST|U|VOCI UTILIZZO FUA|01I|ALTRI ISTITUTI NON COMPRESI FRA I PRECEDENTI - STAB|+
2015|MNST|U|VOCI UTILIZZO FUA|03I|RETRIBUZIONE DI RISULTATO - VAR|+
2015|MNST|U|VOCI UTILIZZO FUA|09A|PRODUTTIVITÀ / PERFORMANCE COLLETTIVA|+
2015|MNST|U|VOCI UTILIZZO FUA|10A|PRODUTTIVITÀ / PERFORMANCE INDIVIDUALE|+
2015|MNST|U|VOCI UTILIZZO FUA|14A|PROG. ORIZZ. EX C. 193 L. 266/05 - VALORE ANNO CORRENTE|+
2015|MNST|U|VOCI UTILIZZO FUA|255|PROGRESSIONI ORIZZONTALI STORICHE|+
2015|MNST|U|VOCI UTILIZZO FUA|257|INDENNITÀ TURNO, RISCHIO, DISAGIO ECC.|+
2015|MNST|U|VOCI UTILIZZO FUA|449|RETRIBUZIONE DI RISULTATO|+
2015|MNST|U|VOCI UTILIZZO FUA|508|RETRIBUZIONE DI POSIZIONE - PARTE FISSA|+
2015|MNST|U|VOCI UTILIZZO FUA|509|RETRIBUZIONE DI POSIZIONE - PARTE VARIABILE|+
2015|MNST|U|VOCI UTILIZZO FUA|656|MIN. SALUTE - INDENNITÀ DI SPECIFICITÀ MEDICO VETERINARIA|+
2015|MNST|U|VOCI UTILIZZO FUA|893|POSIZIONI ORGANIZZATIVE|+
2015|MNST|U|VOCI UTILIZZO FUA|998|ALTRI ISTITUTI NON COMPRESI FRA I PRECEDENTI|+
2015|PCMD|F|VOCI ALIMENTAZIONE FUA|05H|INCREMENTI CCNL 04-05 (ART. 4 C. 1 ALINEA 2 E 3)|+
2015|PCMD|F|VOCI ALIMENTAZIONE FUA|07H|INCREMENTI CCNL 08-09 (ART. 4 C. 1)|+
2015|PCMD|F|VOCI ALIMENTAZIONE FUA|17A|INCREMENTI CCNL 04-05 (ART. 7 C. 1 ALINEA 2 E 3)|+
2015|PCMD|F|VOCI ALIMENTAZIONE FUA|20E|NUOVI SERVIZI O RIORG. - STABILE (ART. 51 C. 8 CCNL 02-05)|+
2015|PCMD|F|VOCI ALIMENTAZIONE FUA|21E|RIS. DA TERZI PER INCAR. AGG.VI (ART 51 C 3 L. A CCNL 02-05)|+
2015|PCMD|F|VOCI ALIMENTAZIONE FUA|23E|RIS. DIRIGENTI DI PRESTITO (ART. 51 C. 7 CCNL 02-05)|+
2015|PCMD|F|VOCI ALIMENTAZIONE FUA|25E|NUOVI SERV. O RIORG. - STAB (ART 58 C 8 CCNL 02-05)|+
2015|PCMD|F|VOCI ALIMENTAZIONE FUA|26E|RIS. DIRIGENTI DI PRESTITO (ART. 58 C. 7 CCNL 02-05)|+
2015|PCMD|F|VOCI ALIMENTAZIONE FUA|27I|DECURTAZIONE PERMANENTE EX ART. 1 C. 456 L. 147/2013|-
2015|PCMD|F|VOCI ALIMENTAZIONE FUA|30E|INCREMENTI CCNL 04-05 (ART. 4)|+
2015|PCMD|F|VOCI ALIMENTAZIONE FUA|31E|INCREMENTI CCNL 06-09 (ART. 26 CC. 1,2)|+
2015|PCMD|F|VOCI ALIMENTAZIONE FUA|32E|RIA PERS. CESS. BASE ANNUA (ART.82 C.2 AL. 5 P.3 CCNL 02-05)|+
2015|PCMD|F|VOCI ALIMENTAZIONE FUA|34E|RIS. FASCE CESS. O PASS. AREA (ART. 26 C. 4 P. 1 CCNL 06-09)|+
2015|PCMD|F|VOCI ALIMENTAZIONE FUA|35E|REC. TRATT. FOND.LE NETTO CESS. (ART. 28 C. 5 CCNL 06-09)|+
2015|PCMD|F|VOCI ALIMENTAZIONE FUA|36E|NUOVI SERV. INCR. DO - STAB (ART. 82 C. 6 CCNL 02-05)|+
2015|PCMD|F|VOCI ALIMENTAZIONE FUA|37E|DECURTAZIONE PER PROGR. ORIZZ. (ART. 83 C. 4 CCNL 02-05)|-
2015|PCMD|F|VOCI ALIMENTAZIONE FUA|40E|DECURT DEFIN PROGR VERT I-II AREA (ART.98 C.2 CCNL 02-05)|-
2015|PCMD|F|VOCI ALIMENTAZIONE FUA|41E|DECURT DEFIN STABILIZZ TRATT FOND.LE  (ART 26 C 3 CCNL06-09)|-
2015|PCMD|F|VOCI ALIMENTAZIONE FUA|43E|RISP. DI GEST. SPESE PERS. (ART. 82 C. 2 AL. 1 CCNL 02-05)|+
2015|PCMD|F|VOCI ALIMENTAZIONE FUA|47E|RIA CESS. ANNO PREC. ACC. (ART. 82 C. 2 AL 5 P 2 CCNL 02-05)|+
2015|PCMD|F|VOCI ALIMENTAZIONE FUA|48E|RIS. PERSONALE DI PRESTITO (ART. 82 C. 5 CCNL 02-05)|+
2015|PCMD|F|VOCI ALIMENTAZIONE FUA|48H|INCREMENTI CCNL 06-09 (ART. 25 C. 1)|+
2015|PCMD|F|VOCI ALIMENTAZIONE FUA|49A|DECURT. PER LIMITE ART1 C189 L266/05-RIS.FISSE (2004-10%)|-
2015|PCMD|F|VOCI ALIMENTAZIONE FUA|49H|INCREMENTI CCNL 06-09 (ART. 28 C. 1)|+
2015|PCMD|F|VOCI ALIMENTAZIONE FUA|51H|RISPARMI DI GESTIONE (ART. 43 L. 449/1997)|+
2015|PCMD|F|VOCI ALIMENTAZIONE FUA|54A|DECURT. PER LIMITE ART1 C189 L266/05 - RIS VAR (2004-10%)|-
2015|PCMD|F|VOCI ALIMENTAZIONE FUA|74C|RIA PERS. CESSATO BASE ANNUA (ART.51 C. 4 P. 1 CCNL 02-05)|+
2015|PCMD|F|VOCI ALIMENTAZIONE FUA|76G|FONDO 2004 CERT ORG CONTR. /PARTE FISSA (ART1 C189 L266/05)|+
2015|PCMD|F|VOCI ALIMENTAZIONE FUA|77C|RIA CESS. ANNO PREC. ACC. (ART. 51 C. 4 PP. 2-3 CCNL 02-05)|+
2015|PCMD|F|VOCI ALIMENTAZIONE FUA|86G|INCREMENTI CCNL 08-09 (ART. 7 C. 1)|+
2015|PCMD|F|VOCI ALIMENTAZIONE FUA|86H|ALTRE DECURTAZIONE DEL FONDO /  PARTE FISSA|-
2015|PCMD|F|VOCI ALIMENTAZIONE FUA|89C|RIA PERS. CESSATO MISURA INTERA (ART58 C4 P1 CCNL02-05)|+
2015|PCMD|F|VOCI ALIMENTAZIONE FUA|91C|RATEO RIA CESS ANNO PREC. ACC. (ART 58 C 4 PP 2-3 CCNL02-05)|+
2015|PCMD|F|VOCI ALIMENTAZIONE FUA|91H|ALTRE DECURTAZIONI DEL FONDO /  PARTE VARIABILE|-
2015|PCMD|F|VOCI ALIMENTAZIONE FUA|94C|RIS. DA TERZI INCARICHI AGG.VI (ART.58 C. 3 L. D CCNL 02-05)|+
2015|PCMD|F|VOCI ALIMENTAZIONE FUA|995|ALTRE RISORSE VARIABILI|+
2015|PCMD|F|VOCI ALIMENTAZIONE FUA|998|ALTRE RISORSE FISSE CON CARATTERE DI CERTEZZA E STABILITÀ|+
2015|PCMD|U|VOCI UTILIZZO FUA|01I|ALTRI ISTITUTI NON COMPRESI FRA I PRECEDENTI - STAB|+
2015|PCMD|U|VOCI UTILIZZO FUA|03I|RETRIBUZIONE DI RISULTATO - VAR|+
2015|PCMD|U|VOCI UTILIZZO FUA|378|INDENNITÀ DI RESPONSABILITÀ, TURNI, RISCHIO, DISAGIO ECC.|+
2015|PCMD|U|VOCI UTILIZZO FUA|449|RETRIBUZIONE DI RISULTATO|+
2015|PCMD|U|VOCI UTILIZZO FUA|508|RETRIBUZIONE DI POSIZIONE - PARTE FISSA|+
2015|PCMD|U|VOCI UTILIZZO FUA|509|RETRIBUZIONE DI POSIZIONE - PARTE VARIABILE|+
2015|PCMD|U|VOCI UTILIZZO FUA|619|SPECIFICO COMPENSO ACCESSORIO PRESIDENZA|+
2015|PCMD|U|VOCI UTILIZZO FUA|998|ALTRI ISTITUTI NON COMPRESI FRA I PRECEDENTI|+
2015|RALN|F|VOCI ALIMENTAZIONE FUA|27I|DECURTAZIONE PERMANENTE EX ART. 1 C. 456 L. 147/2013|-
2015|RALN|F|VOCI ALIMENTAZIONE FUA|400|POSIZIONE E RISULTATO ANNO 1998 (ART.26 C.1 L. A CCNL 98-01)|+
2015|RALN|F|VOCI ALIMENTAZIONE FUA|403|INCREMENTI CCNL 98-01 (ART. 26 C. 1 L. D)|+
2015|RALN|F|VOCI ALIMENTAZIONE FUA|404|SPEC. DISP. DI LEGGE (ART. 20 C. 2 CCNL 06-09)|+
2015|RALN|F|VOCI ALIMENTAZIONE FUA|405|PROCESSI DI DECENTRAMENTO (ART. 26 C. 1 L. F CCNL 98-01)|+
2015|RALN|F|VOCI ALIMENTAZIONE FUA|406|RIA E MAT. EC. PERS. CESS. (ART. 26 C. 1 L. G CCNL 98-01)|+
2015|RALN|F|VOCI ALIMENTAZIONE FUA|408|INTEGRAZIONE 1,2% (ART. 26 C. 2 CCNL 98-01)|+
2015|RALN|F|VOCI ALIMENTAZIONE FUA|411|RID. STABILE ORG. DIRIG. (ART. 26 C. 5 CCNL 98-01)|+
2015|RALN|F|VOCI ALIMENTAZIONE FUA|50H|ENTRATE CONTO TERZI O UTENZA O SPONSORIZZ. (ART 43 L 449/97)|+
2015|RALN|F|VOCI ALIMENTAZIONE FUA|51H|RISPARMI DI GESTIONE (ART. 43 L. 449/1997)|+
2015|RALN|F|VOCI ALIMENTAZIONE FUA|556|UNICO IMPORTO CONSOLIDATO ANNO 2003 (ART.31 C. 2 CCNL 02-05)|+
2015|RALN|F|VOCI ALIMENTAZIONE FUA|61G|INCREMENTI CCNL 02-05 (ART. 32. CC. 1-2 C. 7)|+
2015|RALN|F|VOCI ALIMENTAZIONE FUA|62G|INCREMENTI CCNL 04-05 (ART. 4. CC. 1,4,5 PARTE FISSA)|+
2015|RALN|F|VOCI ALIMENTAZIONE FUA|63G|INCREMENTI CCNL 06-09 (ART. 8. CC. 2,5,6,7 PARTE FISSA)|+
2015|RALN|F|VOCI ALIMENTAZIONE FUA|64G|RIDET PER INCREM STIP (DICH CONG 14 CCNL 0205 E 1 CCNL08-09)|+
2015|RALN|F|VOCI ALIMENTAZIONE FUA|65G|INCREMENTI CCNL 02-05 (ART. 23. CC. 1,3)|+
2015|RALN|F|VOCI ALIMENTAZIONE FUA|66G|INCREMENTI CCNL 04-05 (ART. 4 CC. 1,4)|+
2015|RALN|F|VOCI ALIMENTAZIONE FUA|67G|INCREMENTI CCNL 08-09 (ART. 5 CC. 1,4)|+
2015|RALN|F|VOCI ALIMENTAZIONE FUA|68G|INCARICHI DA SOGGETTI TERZI (ART. 20, CC. 3-5  CCNL 06-09)|+
2015|RALN|F|VOCI ALIMENTAZIONE FUA|70A|RISPARMI EX ART. 2 C. 3 DLGS 165/2001|+
2015|RALN|F|VOCI ALIMENTAZIONE FUA|81H|INCREM. PER RID STAB STRAORD (ART. 14 C. 3 CCNL 98-01)|+
2015|RALN|F|VOCI ALIMENTAZIONE FUA|82H|INCREM PER PROC DEC.TO TRASF FUNZ (ART15 C1 L.L CCNL 98-01)|+
2015|RALN|F|VOCI ALIMENTAZIONE FUA|83H|INCREM DOTAZ ORG E RELAT COPERT (ART15 C5 P.FISSA CCNL98-01)|+
2015|RALN|F|VOCI ALIMENTAZIONE FUA|86H|ALTRE DECURTAZIONE DEL FONDO /  PARTE FISSA|-
2015|RALN|F|VOCI ALIMENTAZIONE FUA|88H|LIQUID. SENTENZE FAVOREVOLI ALL'ENTE (ART. 27 CCNL 14.9.00)|+
2015|RALN|F|VOCI ALIMENTAZIONE FUA|91H|ALTRE DECURTAZIONI DEL FONDO /  PARTE VARIABILE|-
2015|RALN|F|VOCI ALIMENTAZIONE FUA|919|RIA E ASS. AD PERSONAM PERS. CESSATO (ART.4 C. 2 CCNL 00-01)|+
2015|RALN|F|VOCI ALIMENTAZIONE FUA|925|NUOVI SERVIZI O RIORG. (ART. 15 C. 5 - P.VARIAB. CCNL 98-01)|+
2015|RALN|F|VOCI ALIMENTAZIONE FUA|926|RISP DA STRAORD ACCERT A CONSUNT (ART14 C. 1 CCNL 98-01)|+
2015|RALN|F|VOCI ALIMENTAZIONE FUA|928|REC. EV. ICI (ART 3 C 57 L662/96, ART 59 C 1 L P DLGS446/97)|+
2015|RALN|F|VOCI ALIMENTAZIONE FUA|929|SPECIFICHE DISP. DI LEGGE (ART. 15 C. 1 L. K CCNL 98-01)|+
2015|RALN|F|VOCI ALIMENTAZIONE FUA|930|QUOTE PER LA PROGETTAZIONE (ART. 92 CC. 5-6  D.LGS. 163/06)|+
2015|RALN|F|VOCI ALIMENTAZIONE FUA|931|INTEGR. FONDO CCIAA IN EQ. FIN. (ART.15 C.1 L. N CCNL 98-01)|+
2015|RALN|F|VOCI ALIMENTAZIONE FUA|932|INTEGRAZIONE 1,2% (ART. 15 C. 2 CCNL 98-01)|+
2015|RALN|F|VOCI ALIMENTAZIONE FUA|933|MESSI NOTIFICATORI (ART. 54 CCNL 14.9.00)|+
2015|RALN|F|VOCI ALIMENTAZIONE FUA|934|DECURTAZIONE FONDO 3.356,97 EURO (ART.1 C.3 L. E CCNL 00-01)|-
2015|RALN|F|VOCI ALIMENTAZIONE FUA|940|INCREMENTI CCNL 06-09 (ART. 16 CC. 1,4)|+
2015|RALN|F|VOCI ALIMENTAZIONE FUA|942|INCR DOT ORG/RIORG STAB SERV (ART26 C3 - P.FISSA CCNL 98-01)|+
2015|RALN|F|VOCI ALIMENTAZIONE FUA|943|RIORGANIZZ. (ART. 26 C. 3 - PARTE VARIAB. CCNL 98-01)|+
2015|RALN|F|VOCI ALIMENTAZIONE FUA|944|LIQUID. SENTENZE FAVOREVOLI ALL'ENTE (ART. 37 CCNL 98-01)|+
2015|RALN|F|VOCI ALIMENTAZIONE FUA|96H|ECONOMIE AGGIUNTIVE (ART. 16 CC. 4-5 L. 111/11)|+
2015|RALN|F|VOCI ALIMENTAZIONE FUA|995|ALTRE RISORSE VARIABILI|+
2015|RALN|F|VOCI ALIMENTAZIONE FUA|998|ALTRE RISORSE FISSE CON CARATTERE DI CERTEZZA E STABILITÀ|+
2015|RALN|F|VOCI ALIMENTAZIONE FUA|999|SOMME NON UTILIZZATE FONDO ANNO PRECEDENTE|+
2015|RALN|U|VOCI UTILIZZO FUA|00I|INDENNITA' EROGATE A VALERE SU ART. 15 C. 5 CCNL 1998-01|+
2015|RALN|U|VOCI UTILIZZO FUA|01I|ALTRI ISTITUTI NON COMPRESI FRA I PRECEDENTI - STAB|+
2015|RALN|U|VOCI UTILIZZO FUA|02I|RETRIBUZIONE DI RISULTATO (ONNICOMPRENSIVITÀ)|+
2015|RALN|U|VOCI UTILIZZO FUA|07A|INDENNITÀ DI COMPARTO QUOTA CARICO FONDO|+
2015|RALN|U|VOCI UTILIZZO FUA|08A|INDENNITÀ DI RESPONSABILITÀ / PROFESSIONALITÀ|+
2015|RALN|U|VOCI UTILIZZO FUA|09A|PRODUTTIVITÀ / PERFORMANCE COLLETTIVA|+
2015|RALN|U|VOCI UTILIZZO FUA|10A|PRODUTTIVITÀ / PERFORMANCE INDIVIDUALE|+
2015|RALN|U|VOCI UTILIZZO FUA|255|PROGRESSIONI ORIZZONTALI STORICHE|+
2015|RALN|U|VOCI UTILIZZO FUA|257|INDENNITÀ TURNO, RISCHIO, DISAGIO ECC.|+
2015|RALN|U|VOCI UTILIZZO FUA|262|ACCANT. ART. 32 C. 7 CCNL 02-05 (ALTE PROFESS.)|+
2015|RALN|U|VOCI UTILIZZO FUA|448|RETRIBUZIONE DI POSIZIONE|+
2015|RALN|U|VOCI UTILIZZO FUA|449|RETRIBUZIONE DI RISULTATO|+
2015|RALN|U|VOCI UTILIZZO FUA|893|POSIZIONI ORGANIZZATIVE|+
2015|RALN|U|VOCI UTILIZZO FUA|97H|PROGRESSIONI ORIZZONTALI FONDO ANNO DI RIF.TO|+
2015|RALN|U|VOCI UTILIZZO FUA|98H|PRODUTTIVITÀ / PERFORMANCE COLLETTIVA - STAB|+
2015|RALN|U|VOCI UTILIZZO FUA|99H|PRODUTTIVITÀ / PERFORMANCE INDIVIDUALE - STAB|+
2015|RALN|U|VOCI UTILIZZO FUA|998|ALTRI ISTITUTI NON COMPRESI FRA I PRECEDENTI|+
2015|REFR|F|VOCI ALIMENTAZIONE FUA|02B|REC. EVASIONE ICI (ART. 73 C. 2 L. D CCRL 04-05)|+
2015|REFR|F|VOCI ALIMENTAZIONE FUA|03B|RISPARMI DA STRAORDINARIO (ART. 73 C. 2 L. F CCRL 04-05)|+
2015|REFR|F|VOCI ALIMENTAZIONE FUA|04B|INT. 1,3% MONTE SAL. 99  (ART. 73 C. 2 L. H CCRL 04-05)|+
2015|REFR|F|VOCI ALIMENTAZIONE FUA|05B|RIDUZIONE ATTIV. DIDATTICA (ART. 73 C. 2 L. J CCRL 04-05)|+
2015|REFR|F|VOCI ALIMENTAZIONE FUA|06B|0,50% MONTE SALARI 2001 (ART. 73 C. 2 L. K CCRL 04-05)|+
2015|REFR|F|VOCI ALIMENTAZIONE FUA|06I|INCREMENTI CCRL 08-09 (ART. 4 C. 2)|+
2015|REFR|F|VOCI ALIMENTAZIONE FUA|07B|INCREMENTI CONDIZIONATI CCRL 04-05 (ART. 74)|+
2015|REFR|F|VOCI ALIMENTAZIONE FUA|08B|IMPORTI ASSEGNATI STABILI|+
2015|REFR|F|VOCI ALIMENTAZIONE FUA|08I|RIDET FONDO INCREMENTI STIPENDIALI (DICH. CONG. CCNL 08-09)|+
2015|REFR|F|VOCI ALIMENTAZIONE FUA|09I|INCREM DOTAZ ORG E RELAT COPERT (ART.73 C.2 L. I CCRL 04-05)|+
2015|REFR|F|VOCI ALIMENTAZIONE FUA|10B|IMPORTI ASSEGNATI VARIABILI|+
2015|REFR|F|VOCI ALIMENTAZIONE FUA|10I|DEC FONDO ART. 17 C. 10 CCRL 98-01 (NON CONSOLIDABILE)|-
2015|REFR|F|VOCI ALIMENTAZIONE FUA|22H|INCREMENTI CCRL 06-09 (ART. 6)|+
2015|REFR|F|VOCI ALIMENTAZIONE FUA|27I|DECURTAZIONE PERMANENTE EX ART. 1 C. 456 L. 147/2013|-
2015|REFR|F|VOCI ALIMENTAZIONE FUA|50H|ENTRATE CONTO TERZI O UTENZA O SPONSORIZZ. (ART 43 L 449/97)|+
2015|REFR|F|VOCI ALIMENTAZIONE FUA|51H|RISPARMI DI GESTIONE (ART. 43 L. 449/1997)|+
2015|REFR|F|VOCI ALIMENTAZIONE FUA|68A|IMPORTO CONSOLIDATO 1998 (ART. 47, C. 1 L. A CCRL 02-05)|+
2015|REFR|F|VOCI ALIMENTAZIONE FUA|69A|INCREMENTI CCRL 02-05 (ART. 47, C. 1 L. D-I-L)|+
2015|REFR|F|VOCI ALIMENTAZIONE FUA|72A|RIA E MAT. ECON. CESSATI (ART. 47, C. 1 L. G CCRL 02-05)|+
2015|REFR|F|VOCI ALIMENTAZIONE FUA|73A|ONNICOMPRENSIVITÀ (ART. 47, C. 1 L. H CCRL 02-05)|+
2015|REFR|F|VOCI ALIMENTAZIONE FUA|74A|NUOVI SERV. / RIORG. - STAB. (ART. 47, C. 3 CCRL 02-05)|+
2015|REFR|F|VOCI ALIMENTAZIONE FUA|75A|RIDUZIONE STABILE ORGANICI (ART. 47, C. 5 CCRL 02-05)|+
2015|REFR|F|VOCI ALIMENTAZIONE FUA|77A|ALTRE RISORSE FISSE  EELL|+
2015|REFR|F|VOCI ALIMENTAZIONE FUA|78A|INTEGRAZIONE ANNUALE (ART. 47, C. 4 CCRL 02-05)|+
2015|REFR|F|VOCI ALIMENTAZIONE FUA|81A|SPEC. DISP. DI LEGGE (ART. 47, C. 1 L. E CCRL 02-05)|+
2015|REFR|F|VOCI ALIMENTAZIONE FUA|82A|INTEGR. 1,2% (ART. 47, C. 2 CCRL 02-05)|+
2015|REFR|F|VOCI ALIMENTAZIONE FUA|84A|ALTRE RISORSE VARIABILI EELL|+
2015|REFR|F|VOCI ALIMENTAZIONE FUA|85A|SOMME NON UTILIZZATE FONDO EELL ANNO PRECEDENTE|+
2015|REFR|F|VOCI ALIMENTAZIONE FUA|86A|IMPORTO CONSOLIDATO AL 1.1.06 (ART 33 C 1 LL A-B CCRL 06-09)|+
2015|REFR|F|VOCI ALIMENTAZIONE FUA|86H|ALTRE DECURTAZIONE DEL FONDO /  PARTE FISSA|-
2015|REFR|F|VOCI ALIMENTAZIONE FUA|87A|INCREMENTI CCRL 06-09 (ART. 36 C. 1)|+
2015|REFR|F|VOCI ALIMENTAZIONE FUA|91H|ALTRE DECURTAZIONI DEL FONDO /  PARTE VARIABILE|-
2015|REFR|F|VOCI ALIMENTAZIONE FUA|92A|IMPORTO CONSOLIDATO AL 31.12.05 (ART. 73 C. 1 CCRL 04-05)|+
2015|REFR|F|VOCI ALIMENTAZIONE FUA|93A|FINANZ. INDENN. DIR. E STAFF (ART. 73 C. 2 L. C CCRL 04-05)|+
2015|REFR|F|VOCI ALIMENTAZIONE FUA|93H|LIQUIDAZIONE SENTENZE FAVOREVOLI ALL'ENTE (RD 1578/1933)|+
2015|REFR|F|VOCI ALIMENTAZIONE FUA|94A|INCREMENTI  CCRL 06-09 (ART. 35)|+
2015|REFR|F|VOCI ALIMENTAZIONE FUA|95A|TRASFERIMENTO FUNZIONI (ART. 73 C. 2 L. E CCRL 04-05)|+
2015|REFR|F|VOCI ALIMENTAZIONE FUA|96A|RIA E ASS. AD PERS. CESSATI (ART. 73 C. 2 L. G CCRL 04-05)|+
2015|REFR|F|VOCI ALIMENTAZIONE FUA|96H|ECONOMIE AGGIUNTIVE (ART. 16 CC. 4-5 L. 111/11)|+
2015|REFR|F|VOCI ALIMENTAZIONE FUA|98A|NUOVI SERV. / RIORG. - VAR. (ART.73 C. 2 L. I CCRL 04-05)|+
2015|REFR|F|VOCI ALIMENTAZIONE FUA|99A|RISORSE AGGIUNTIVE REGIONALI (ART. 34 C. 1 CCRL 06-09)|+
2015|REFR|F|VOCI ALIMENTAZIONE FUA|995|ALTRE RISORSE VARIABILI|+
2015|REFR|F|VOCI ALIMENTAZIONE FUA|998|ALTRE RISORSE FISSE CON CARATTERE DI CERTEZZA E STABILITÀ|+
2015|REFR|F|VOCI ALIMENTAZIONE FUA|999|SOMME NON UTILIZZATE FONDO ANNO PRECEDENTE|+
2015|REFR|U|VOCI UTILIZZO FUA|01I|ALTRI ISTITUTI NON COMPRESI FRA I PRECEDENTI - STAB|+
2015|REFR|U|VOCI UTILIZZO FUA|03I|RETRIBUZIONE DI RISULTATO - VAR|+
2015|REFR|U|VOCI UTILIZZO FUA|06I|PRODUTTIVITÀ/PERFORMANCE COLLETTIVA PERSONALE EELL -STAB|+
2015|REFR|U|VOCI UTILIZZO FUA|07I|PRODUTTIVITÀ/PERFORMANCE INDIVIDUALE PERSONALE EELL-STAB|+
2015|REFR|U|VOCI UTILIZZO FUA|08A|INDENNITÀ DI RESPONSABILITÀ / PROFESSIONALITÀ|+
2015|REFR|U|VOCI UTILIZZO FUA|08I|PRODUTTIVITÀ/PERFORMANCE COLL. PERS.FORME ASS. E S.S-STAB|+
2015|REFR|U|VOCI UTILIZZO FUA|09I|PRODUTTIVITÀ/PERFORMANCE IND.LE PERS. FORME ASS. E S.S -STAB|+
2015|REFR|U|VOCI UTILIZZO FUA|26A|PRODUTTIVITÀ / PERFORMANCE COLLETTIVA PERSONALE EELL|+
2015|REFR|U|VOCI UTILIZZO FUA|27A|PRODUTTIVITÀ / PERFORMANCE INDIVIDUALE PERSONALE EELL|+
2015|REFR|U|VOCI UTILIZZO FUA|33A|PRODUTTIVITÀ / PERFORMANCE COLLETTIVA PERS. FORME ASS. E S.S|+
2015|REFR|U|VOCI UTILIZZO FUA|34A|PRODUTTIVITÀ / PERFORMANCE IND.LE PERS. FORME ASS. E S.S|+
2015|REFR|U|VOCI UTILIZZO FUA|35A|INDENNITÀ TURNO, RISCHIO, DISAGIO ECC. FORME ASS. E SERV.SOC|+
2015|REFR|U|VOCI UTILIZZO FUA|36A|ALTRI ISTITUTI NON COMPRESI FRA I PREC. FORME ASS.SERV. SOC.|+
2015|REFR|U|VOCI UTILIZZO FUA|455|RETRIBUZIONE DI POSIZIONE EELL|+
2015|REFR|U|VOCI UTILIZZO FUA|456|RETRIBUZIONE DI RISULTATO EELL|+
2015|REFR|U|VOCI UTILIZZO FUA|457|ALTRI ISTITUTI NON COMPRESI FRA I PRECEDENTI PERSONALE EELL|+
2015|REFR|U|VOCI UTILIZZO FUA|463|PROGRESSIONI ORIZZONTALI PERSONALE REGIONALE|+
2015|REFR|U|VOCI UTILIZZO FUA|464|INDENNITÀ TURNO, RISCHIO, DISAGIO ECC. PERSONALE REGIONALE|+
2015|REFR|U|VOCI UTILIZZO FUA|467|PROGRESSIONI ORIZZONTALI PERSONALE EELL|+
2015|REFR|U|VOCI UTILIZZO FUA|468|SALARIO AGGIUNTIVO QUOTA FINANZIATA CON RISORSE CONTRATTUALI|+
2015|REFR|U|VOCI UTILIZZO FUA|470|INDENNITÀ TURNO, RISCHIO, DISAGIO ECC. PERSONALE EELL|+
2015|REFR|U|VOCI UTILIZZO FUA|477|PROGRESSIONI ORIZZONTALI PERSONALE FORME ASS. SERV. SOCIALI|+
2015|RESA|F|VOCI ALIMENTAZIONE FUA|27I|DECURTAZIONE PERMANENTE EX ART. 1 C. 456 L. 147/2013|-
2015|RESA|F|VOCI ALIMENTAZIONE FUA|28B|STORICO AL 1.1.06 (ART. 102 C. 1 L. A E C. 2 CCRL 98-01VIG)|+
2015|RESA|F|VOCI ALIMENTAZIONE FUA|29B|INCREMENTI CCRL 06-07 (ART. 102 C. 1 L. B CCRL 98-01VIG)|+
2015|RESA|F|VOCI ALIMENTAZIONE FUA|30B|INCREMENTI CCRL 08-09 (ART. 10 CCRL 08-09)|+
2015|RESA|F|VOCI ALIMENTAZIONE FUA|32B|ALTRE RISORSE FONDO RENDIMENTO / PARTE FISSA|+
2015|RESA|F|VOCI ALIMENTAZIONE FUA|33B|RATEO RIA CESS NON REGIME (ART. 102 C. 1 L. H CCRL 98-01VIG)|+
2015|RESA|F|VOCI ALIMENTAZIONE FUA|34B|ECON STRAORDINARIO ANNO PREC (ART102 C.1 L. C CCRL 98-01VIG)|+
2015|RESA|F|VOCI ALIMENTAZIONE FUA|41B|STORICO AL 1.1.06 (ART. 102BIS C. 1 CCRL 98-01VIG)|+
2015|RESA|F|VOCI ALIMENTAZIONE FUA|45B|RIA REGIME CESS DA 2006 (ART102TER C1, LL B-D CCRL 98-01VIG)|+
2015|RESA|F|VOCI ALIMENTAZIONE FUA|48B|SOMME NON UTILIZZATE FONDO PROGRESS. ANNO PRECEDENTE|+
2015|RESA|F|VOCI ALIMENTAZIONE FUA|86H|ALTRE DECURTAZIONE DEL FONDO /  PARTE FISSA|-
2015|RESA|F|VOCI ALIMENTAZIONE FUA|91H|ALTRE DECURTAZIONI DEL FONDO /  PARTE VARIABILE|-
2015|RESA|F|VOCI ALIMENTAZIONE FUA|96H|ECONOMIE AGGIUNTIVE (ART. 16 CC. 4-5 L. 111/11)|+
2015|RESA|F|VOCI ALIMENTAZIONE FUA|996|ALTRE RISORSE FONDO POSIZIONE / PARTE FISSA|+
2015|RESA|U|VOCI UTILIZZO FUA|448|RETRIBUZIONE DI POSIZIONE|+
2015|RESA|U|VOCI UTILIZZO FUA|491|RETRIBUZIONE DI RENDIMENTO|+
2015|RESA|U|VOCI UTILIZZO FUA|492|ALTRI ISTITUTI FONDO RENDIMENTO|+
2015|RESA|U|VOCI UTILIZZO FUA|498|PROGRESSIONI PROFESSIONALI|+
2015|RESI|F|VOCI ALIMENTAZIONE FUA|03E|TD VALORE DI COSTITUZIONE FAMP (ART. 7 C. 4 CCRL 06-09)|+
2015|RESI|F|VOCI ALIMENTAZIONE FUA|08E|TD ECONOMIE FAMP ANNO PREC.TE (ART. 7 C 2 AL. 4 CCRL 06-09)|+
2015|RESI|F|VOCI ALIMENTAZIONE FUA|27I|DECURTAZIONE PERMANENTE EX ART. 1 C. 456 L. 147/2013|-
2015|RESI|F|VOCI ALIMENTAZIONE FUA|29H|DECURT. PROGR. EC. A CAP. STIP. (ART 7 C 2 AL 3 CCRL 06-09)|-
2015|RESI|F|VOCI ALIMENTAZIONE FUA|51H|RISPARMI DI GESTIONE (ART. 43 L. 449/1997)|+
2015|RESI|F|VOCI ALIMENTAZIONE FUA|85D|STANZ. DEF. 2005 POS. E RISULTATO (ART 66 C 1 CCRL 02-05)|+
2015|RESI|F|VOCI ALIMENTAZIONE FUA|86D|STANZ DEF 2006 DIR AMM. REG.LE (ART66 C2 P1 CCRL 02-05)|+
2015|RESI|F|VOCI ALIMENTAZIONE FUA|86H|ALTRE DECURTAZIONE DEL FONDO /  PARTE FISSA|-
2015|RESI|F|VOCI ALIMENTAZIONE FUA|88D|PREV. DEFINITIVA DI SPESA 2005 (ART. 7 C. 2 CCRL 06-09)|+
2015|RESI|F|VOCI ALIMENTAZIONE FUA|90D|RISP. DIFF. ANZ. PERS. CESS. (ART. 7 C. 2 AL. 1 CCRL 06-09)|+
2015|RESI|F|VOCI ALIMENTAZIONE FUA|91D|IND. AMM.NE CESSATI NETTA (ART. 7 C. 2 AL. 2 CCRL 06-09)|+
2015|RESI|F|VOCI ALIMENTAZIONE FUA|91H|ALTRE DECURTAZIONI DEL FONDO /  PARTE VARIABILE|-
2015|RESI|F|VOCI ALIMENTAZIONE FUA|92D|RIS. PROGR. ECON. CESS O PASS CAT (ART7 C 2 AL 3 CCRL 06-09)|+
2015|RESI|F|VOCI ALIMENTAZIONE FUA|98D|ECONOMIE FAMP ANNO PRECEDENTE (ART. 7 C 2 AL. 4 CCRL 06-09)|+
2015|RESI|F|VOCI ALIMENTAZIONE FUA|998|ALTRE RISORSE FISSE CON CARATTERE DI CERTEZZA E STABILITÀ|+
2015|RESI|U|VOCI UTILIZZO FUA|01I|ALTRI ISTITUTI NON COMPRESI FRA I PRECEDENTI - STAB|+
2015|RESI|U|VOCI UTILIZZO FUA|09A|PRODUTTIVITÀ / PERFORMANCE COLLETTIVA|+
2015|RESI|U|VOCI UTILIZZO FUA|10A|PRODUTTIVITÀ / PERFORMANCE INDIVIDUALE|+
2015|RESI|U|VOCI UTILIZZO FUA|257|INDENNITÀ TURNO, RISCHIO, DISAGIO ECC.|+
2015|RESI|U|VOCI UTILIZZO FUA|273|STRAORDINARIO|+
2015|RESI|U|VOCI UTILIZZO FUA|449|RETRIBUZIONE DI RISULTATO|+
2015|RESI|U|VOCI UTILIZZO FUA|508|RETRIBUZIONE DI POSIZIONE - PARTE FISSA|+
2015|RESI|U|VOCI UTILIZZO FUA|509|RETRIBUZIONE DI POSIZIONE - PARTE VARIABILE|+
2015|RESI|U|VOCI UTILIZZO FUA|893|POSIZIONI ORGANIZZATIVE|+
2015|RESI|U|VOCI UTILIZZO FUA|97H|PROGRESSIONI ORIZZONTALI FONDO ANNO DI RIF.TO|+
2015|RESI|U|VOCI UTILIZZO FUA|98H|PRODUTTIVITÀ / PERFORMANCE COLLETTIVA - STAB|+
2015|RESI|U|VOCI UTILIZZO FUA|99H|PRODUTTIVITÀ / PERFORMANCE INDIVIDUALE - STAB|+
2015|RESI|U|VOCI UTILIZZO FUA|998|ALTRI ISTITUTI NON COMPRESI FRA I PRECEDENTI|+
2015|REVA|F|VOCI ALIMENTAZIONE FUA|12B|ALIMENTAZIONE FONDO (ART. 138 CC. 2 E 3 TUDC 13/12/10)|+
2015|REVA|F|VOCI ALIMENTAZIONE FUA|13B|ALTRE RISORSE FONDO PROGRESSIONE / PARTE FISSA|+
2015|REVA|F|VOCI ALIMENTAZIONE FUA|14B|ALIMENTAZIONE FUA (ART. 150 C. 1 TUDC 13/12/10)|+
2015|REVA|F|VOCI ALIMENTAZIONE FUA|15B|AGG.TO FUA IN AUMENTO (ART. 150 C. 2 TUDC 13/12/10)|+
2015|REVA|F|VOCI ALIMENTAZIONE FUA|16B|AGG.TO FUA IN DIMINUIZIONE (ART. 150 C. 2 TUDC 13/12/10)|-
2015|REVA|F|VOCI ALIMENTAZIONE FUA|17B|ALTRE RISORSE FUA / PARTE FISSA|+
2015|REVA|F|VOCI ALIMENTAZIONE FUA|18B|PROGETTI (ART. 152 C. 1 TUDC 13/12/10)|+
2015|REVA|F|VOCI ALIMENTAZIONE FUA|19B|DIP EELL CONV DI SEGR (ART. 152 C. 2 TUDC 13/12/10)|+
2015|REVA|F|VOCI ALIMENTAZIONE FUA|20B|ALIM DA FONDO PROGR. ANNO PREC. (ART.139  C.2 TUDC 13/12/10)|+
2015|REVA|F|VOCI ALIMENTAZIONE FUA|23B|SOMME NON UTILIZZATE FUA ANNO PRECEDENTE|+
2015|REVA|F|VOCI ALIMENTAZIONE FUA|27I|DECURTAZIONE PERMANENTE EX ART. 1 C. 456 L. 147/2013|-
2015|REVA|F|VOCI ALIMENTAZIONE FUA|86H|ALTRE DECURTAZIONE DEL FONDO /  PARTE FISSA|-
2015|REVA|F|VOCI ALIMENTAZIONE FUA|96H|ECONOMIE AGGIUNTIVE (ART. 16 CC. 4-5 L. 111/11)|+
2015|REVA|U|VOCI UTILIZZO FUA|01I|ALTRI ISTITUTI NON COMPRESI FRA I PRECEDENTI - STAB|+
2015|REVA|U|VOCI UTILIZZO FUA|17A|SALARIO DI ORGANIZZAZIONE|+
2015|REVA|U|VOCI UTILIZZO FUA|21I|SALARIO DI RISULTATO - VAR.|+
2015|REVA|U|VOCI UTILIZZO FUA|25B|PROGRESSIONI STORICHE IN QUARTA POSIZIONE|+
2015|REVA|U|VOCI UTILIZZO FUA|26B|ALIMENTAZIONE FUA ANNO SUCCESSIVO RISORSE IN ESUBERO|+
2015|REVA|U|VOCI UTILIZZO FUA|483|SALARIO DI RISULTATO|+
2015|REVA|U|VOCI UTILIZZO FUA|487|ALTRI ISTITUTI FUA|+
2015|REVA|U|VOCI UTILIZZO FUA|97H|PROGRESSIONI ORIZZONTALI FONDO ANNO DI RIF.TO|+
2015|SCLA|F|VOCI ALIMENTAZIONE FUA|27I|DECURTAZIONE PERMANENTE EX ART. 1 C. 456 L. 147/2013|-
2015|SCLA|F|VOCI ALIMENTAZIONE FUA|35G|FONDO DI ISTITUTO MIUR(ARTT.4 C1 CCNL 08-09 E 2 C2 CCNL2013)|+
2015|SCLA|F|VOCI ALIMENTAZIONE FUA|36G|RIS FUNZ STRUM AL POF (ARTT. 33 CCNL 06-09 E 2 C2 CCNL 2013)|+
2015|SCLA|F|VOCI ALIMENTAZIONE FUA|38G|RIS ATT. COMPL. ED FIS (ART. 87 CCNL 06-09 E 2 C2 CCNL2013|+
2015|SCLA|F|VOCI ALIMENTAZIONE FUA|39G|RISORSE ORE ECCED. SOST. COLL. ASSENTI  (ART. 30 CCNL 06-09)|+
2015|SCLA|F|VOCI ALIMENTAZIONE FUA|40G|RIS PROG AREE A RISCHIO (ARTT 9 CCNL 06-09 E 2 C2 CCNL 2013)|+
2015|SCLA|F|VOCI ALIMENTAZIONE FUA|41G|ULT. FINANZ. CORSI DI RECUPERO PERS. DOCENTE|+
2015|SCLA|F|VOCI ALIMENTAZIONE FUA|69F|RISORSE STORICHE (ART. 42 CC. 1, 3, 4 CCNL 00-01)|+
2015|SCLA|F|VOCI ALIMENTAZIONE FUA|70F|INCREMENTI CCNL 00-01 (ART. 42 C. 2 L. A E C. 5)|+
2015|SCLA|F|VOCI ALIMENTAZIONE FUA|71F|INCREMENTI CCNL 02-05 (ART. 55 C. 2)|+
2015|SCLA|F|VOCI ALIMENTAZIONE FUA|72F|INCREMENTI CCNL 04-05 (ART. 4 C. 2)|+
2015|SCLA|F|VOCI ALIMENTAZIONE FUA|73F|INCREMENTI CCNL 06-09 (ART. 25 C. 2)|+
2015|SCLA|F|VOCI ALIMENTAZIONE FUA|74F|INCREMENTI CCNL 08-09 (ART. 4 C. 2)|+
2015|SCLA|F|VOCI ALIMENTAZIONE FUA|75F|RIA PERS. CESS. (ART. 55 C. 3 L. A CCNL 02-05)|+
2015|SCLA|F|VOCI ALIMENTAZIONE FUA|80F|RISORSE CARATTERE CERTEZZA E STABILITÀ DA EELL E ALTRI ENTI|+
2015|SCLA|F|VOCI ALIMENTAZIONE FUA|998|ALTRE RISORSE FISSE CON CARATTERE DI CERTEZZA E STABILITÀ|+
2015|SCLA|F|VOCI ALIMENTAZIONE FUA|999|SOMME NON UTILIZZATE FONDO ANNO PRECEDENTE|+
2015|SCLA|U|VOCI UTILIZZO FUA|19I|DOC ALTRI ISTITUTI NON COMPRESI FRA I PRECEDENTI - STAB|+
2015|SCLA|U|VOCI UTILIZZO FUA|405|DOC PART. IMP. PROF.LE AULA (ART. 88 C. 2 L. A CCNL 06-09)|+
2015|SCLA|U|VOCI UTILIZZO FUA|406|DOC ATT. AGG.VE INSEGNAMENTO (ART. 88 C. 2 L. B CCNL 06-09)|+
2015|SCLA|U|VOCI UTILIZZO FUA|832|POSIZ. PARTE FISSA (ART. 52 C. 1 L. C CCNL 02-05)|+
2015|SCLA|U|VOCI UTILIZZO FUA|833|POSIZ. PARTE VAR. (ART. 52 C. 1 L. C CCNL 02-05)|+
2015|SCLA|U|VOCI UTILIZZO FUA|834|RISULTATO (ART. 52 C. 1 L. D CCNL 02-05)|+
2015|SCLA|U|VOCI UTILIZZO FUA|911|DOC ORE AGG.VE CORSI RECUP. (ART. 88 C. 2 L. C CCNL 06-09)|+
2015|SCLA|U|VOCI UTILIZZO FUA|913|DOC ATT. AGG FUNZ. INS.TO (ART. 88 C. 2 L. D CCNL 06-09)|+
2015|SCLA|U|VOCI UTILIZZO FUA|915|DOC COMP. COLLAB. DS (ART. 88 C. 2 L. F CCNL 06-09)|+
2015|SCLA|U|VOCI UTILIZZO FUA|917|DOC IND. TURNO (ART. 88 C. 2 L. G CCNL 06-09)|+
2015|SCLA|U|VOCI UTILIZZO FUA|921|DOC COMP. ALTRE ATTIVITÀ POF (ART. 88 C. 2 L. K CCNL 06-09)|+
2015|SCLA|U|VOCI UTILIZZO FUA|923|DOC PART. IMPEGNI VALUTAZIONE (ART. 88 C. 2 L. L CCNL 06-09)|+
2015|SCLA|U|VOCI UTILIZZO FUA|925|DOC FUNZIONI STRUMENTALI AL POF (ART. 33 CCNL 06-09)|+
2015|SCLA|U|VOCI UTILIZZO FUA|927|DOC ATT. COMPL. EDUC. FISICA (ART. 87 CCNL 06-09)|+
2015|SCLA|U|VOCI UTILIZZO FUA|929|DOC PROGETTI AREE A RISCHIO (ART. 9 CCNL 06-09)|+
2015|SCLA|U|VOCI UTILIZZO FUA|951|DOC ORE ECCEDENTI SOST. COLL. ASSENTI  (ART. 30 CCNL 06-09)|+
2015|SCLA|U|VOCI UTILIZZO FUA|953|DOC ALTRI ISTITUTI NON COMPRESI FRA I PRECEDENTI|+
2015|SSNA|F|VOCI ALIMENTAZIONE FUA|01A|IMPORTO CONSOLIDATO AL 31.12.07 (ART. 9 C. 1 CCNL 08-09)|+
2015|SSNA|F|VOCI ALIMENTAZIONE FUA|01I|RISORSE REGIONALI NON CONSOLIDATE|+
2015|SSNA|F|VOCI ALIMENTAZIONE FUA|02A|INCREMENTI CCNL 08-09 (ART. 9 C. 2)|+
2015|SSNA|F|VOCI ALIMENTAZIONE FUA|02I|INCR. CCNL 06-09 (ART. 26 C. 2, ALINEA 2 - NETTO ALINEA 1)|+
2015|SSNA|F|VOCI ALIMENTAZIONE FUA|03A|INCR. RID. STABILE DOT. ORG (ART.31 C.2 L.A CCNL 02-05)|+
2015|SSNA|F|VOCI ALIMENTAZIONE FUA|03I|INCREMENTI CCNL 06-09 (ART. 11 C. 1)|+
2015|SSNA|F|VOCI ALIMENTAZIONE FUA|04A|DA F.DO COND LAV RAZ. STAB. SERVIZI(ART31 C2 L B CCNL 02-05)|+
2015|SSNA|F|VOCI ALIMENTAZIONE FUA|05A|RIA PERS. CESS. RAGIONE D'ANNO (ART3 C3 L.A P.3 CCNL 00-01)|+
2015|SSNA|F|VOCI ALIMENTAZIONE FUA|05I|INCR. CCNL 06-09 (ART. 27 C. 2, ALINEA 2 - NETTO ALINEA 1)|+
2015|SSNA|F|VOCI ALIMENTAZIONE FUA|06A|INCR. DOT. ORG. O NUOVI SERV. (ART 39 C8-F FASCE-CCNL 98-01)|+
2015|SSNA|F|VOCI ALIMENTAZIONE FUA|07A|IMPORTO CONSOLIDATO AL 31.12.07 (ART. 7 C. 1 CCNL 08-09)|+
2015|SSNA|F|VOCI ALIMENTAZIONE FUA|08A|INCR DOT ORG. O NUOVI SERV. (ART39 C8 -COND LAV- CCNL 98-01)|+
2015|SSNA|F|VOCI ALIMENTAZIONE FUA|09A|IMPORTO CONSOLIDATO AL 31.12.07 (ART. 8 C. 1 CCNL 08-09)|+
2015|SSNA|F|VOCI ALIMENTAZIONE FUA|10A|INCR. DOT. ORG. O NUOVI SERV. (ART39 C8 -F PROD- CCNL 98-01)|+
2015|SSNA|F|VOCI ALIMENTAZIONE FUA|12A|SPEC. DISP. DI LEGGE (ART. 30 C. 3 L. B CCNL 02-05)|+
2015|SSNA|F|VOCI ALIMENTAZIONE FUA|13A|PROGRAMMI CONCORDATI (ART. 30 C. 3 L. C CCNL 02-05)|+
2015|SSNA|F|VOCI ALIMENTAZIONE FUA|14A|ECONOMIE DI GESTIONE (ART. 30 C. 3 L. D CCNL 02-05)|+
2015|SSNA|F|VOCI ALIMENTAZIONE FUA|27I|DECURTAZIONE PERMANENTE EX ART. 1 C. 456 L. 147/2013|-
2015|SSNA|F|VOCI ALIMENTAZIONE FUA|50H|ENTRATE CONTO TERZI O UTENZA O SPONSORIZZ. (ART 43 L 449/97)|+
2015|SSNA|F|VOCI ALIMENTAZIONE FUA|69G|INCREMENTI CCNL 08-09 (ART. 9 CC. 2,3)|+
2015|SSNA|F|VOCI ALIMENTAZIONE FUA|70G|IMPORTO CONSOLIDATO AL 31.12.07 (ART. 10 C. 1 CCNL 08-09)|+
2015|SSNA|F|VOCI ALIMENTAZIONE FUA|71G|IMPORTO CONSOLIDATO AL 31.12.07 (ART. 11 C. 1 CCNL 08-09)|+
2015|SSNA|F|VOCI ALIMENTAZIONE FUA|72G|INCREMENTI CCNL 08-09 (ART. 11 C. 2)|+
2015|SSNA|F|VOCI ALIMENTAZIONE FUA|73G|INCREMENTI CCNL 08-09 (ART. 8 C. 2)|+
2015|SSNA|F|VOCI ALIMENTAZIONE FUA|74G|INCREMENTI CCNL 08-09 (ART. 10 C. 2)|+
2015|SSNA|F|VOCI ALIMENTAZIONE FUA|75G|RIA ACC. PERS. CESS. ANNO PREC(ART.3 C.3 L.A P.2 CCNL 00-01)|+
2015|SSNA|F|VOCI ALIMENTAZIONE FUA|86H|ALTRE DECURTAZIONE DEL FONDO /  PARTE FISSA|-
2015|SSNA|F|VOCI ALIMENTAZIONE FUA|91H|ALTRE DECURTAZIONI DEL FONDO /  PARTE VARIABILE|-
2015|SSNA|F|VOCI ALIMENTAZIONE FUA|930|QUOTE PER LA PROGETTAZIONE (ART. 92 CC. 5-6  D.LGS. 163/06)|+
2015|SSNA|F|VOCI ALIMENTAZIONE FUA|947|INCR. RID. STABILE DOT. ORG (ART.50 C.2 L.A CCNL 98-01)|+
2015|SSNA|F|VOCI ALIMENTAZIONE FUA|948|DA F.DO  COND LAV RAZ.STAB.SERVIZI(ART50 C2 L C CCNL 98-01)|+
2015|SSNA|F|VOCI ALIMENTAZIONE FUA|949|ASS. PERSONALI PERS. CESS. (ART. 50 C. 2 L. D CCNL 98-01)|+
2015|SSNA|F|VOCI ALIMENTAZIONE FUA|950|RIA PERSONALE CESSATO (ART. 47 C. 4 CCNL 94-97)|+
2015|SSNA|F|VOCI ALIMENTAZIONE FUA|951|INCR. DOT. ORG. O NUOVI SERV. (ART. 53 - POSIZ - CCNL 98-01)|+
2015|SSNA|F|VOCI ALIMENTAZIONE FUA|954|INCR. DOT. ORG. O NUOVI SERV (ART. 53 -COND LAV- CCNL 98-01)|+
2015|SSNA|F|VOCI ALIMENTAZIONE FUA|955|A F.DO POSIZ DECURT PER RAZ.STAB.SERV.(ART51 C4 CCNL 98-01)|-
2015|SSNA|F|VOCI ALIMENTAZIONE FUA|958|INCR. DOT. ORG. O NUOVI SERV. (ART53 -RISULTATO- CCNL 98-01)|+
2015|SSNA|F|VOCI ALIMENTAZIONE FUA|96H|ECONOMIE AGGIUNTIVE (ART. 16 CC. 4-5 L. 111/11)|+
2015|SSNA|F|VOCI ALIMENTAZIONE FUA|960|SPEC. DISP. DI LEGGE (ART. 52 C. 5 L. A CCNL 98-01)|+
2015|SSNA|F|VOCI ALIMENTAZIONE FUA|961|PROGRAMMI CONCORDATI (ART. 52 C. 5 L. B CCNL 98-01)|+
2015|SSNA|F|VOCI ALIMENTAZIONE FUA|962|ECONOMIE DI GESTIONE (ART. 52 C. 4 L. B CCNL 98-01)|+
2015|SSNA|F|VOCI ALIMENTAZIONE FUA|963|LIQUID. SENTENZE FAVOR. ALL'ENTE (ART. 52 C. 8 CCNL 98-01)|+
2015|SSNA|F|VOCI ALIMENTAZIONE FUA|965|INCR. RID. STABILE DOT. ORG (ART50 C2 L.A-C3 L.A CCNL 98-01)|+
2015|SSNA|F|VOCI ALIMENTAZIONE FUA|967|ASSEGNI E MAT. EC. PERS CESS (ART50 C2 LD, C3 LB CCNL 98-01)|+
2015|SSNA|F|VOCI ALIMENTAZIONE FUA|968|RIA PERSONALE CESSATO (ART 50 C 2 L E, C 3 L D CCNL 98-01)|+
2015|SSNA|F|VOCI ALIMENTAZIONE FUA|981|A F.DO FASCE DEC. PER RAZ STAB SERV(ART31 C2 L B CCNL 02-05)|-
2015|SSNA|F|VOCI ALIMENTAZIONE FUA|982|ALTRE RISORSE FONDO FASCE / PARTE FISSA|+
2015|SSNA|F|VOCI ALIMENTAZIONE FUA|984|ALTRE RISORSE FONDO PRODUTTIVITÀ / PARTE FISSA|+
2015|SSNA|F|VOCI ALIMENTAZIONE FUA|987|ALTRE RISORSE FONDO RISULTATO / PARTE VARIABILE|+
2015|SSNA|F|VOCI ALIMENTAZIONE FUA|988|ALTRE RISORSE FONDO PRODUTTIVITÀ / PARTE VARIABILE|+
2015|SSNA|F|VOCI ALIMENTAZIONE FUA|989|ALTRE RISORSE FONDO RISULTATO / PARTE FISSA|+
2015|SSNA|F|VOCI ALIMENTAZIONE FUA|991|ALTRE RISORSE FONDO CONDIZIONI LAVORO / PARTE FISSA|+
2015|SSNA|F|VOCI ALIMENTAZIONE FUA|996|ALTRE RISORSE FONDO POSIZIONE / PARTE FISSA|+
2015|SSNA|F|VOCI ALIMENTAZIONE FUA|999|SOMME NON UTILIZZATE FONDO ANNO PRECEDENTE|+
2015|SSNA|U|VOCI UTILIZZO FUA|01I|ALTRI ISTITUTI NON COMPRESI FRA I PRECEDENTI - STAB|+
2015|SSNA|U|VOCI UTILIZZO FUA|03I|RETRIBUZIONE DI RISULTATO - VAR|+
2015|SSNA|U|VOCI UTILIZZO FUA|08A|INDENNITÀ DI RESPONSABILITÀ / PROFESSIONALITÀ|+
2015|SSNA|U|VOCI UTILIZZO FUA|09A|PRODUTTIVITÀ / PERFORMANCE COLLETTIVA|+
2015|SSNA|U|VOCI UTILIZZO FUA|10A|PRODUTTIVITÀ / PERFORMANCE INDIVIDUALE|+
2015|SSNA|U|VOCI UTILIZZO FUA|255|PROGRESSIONI ORIZZONTALI STORICHE|+
2015|SSNA|U|VOCI UTILIZZO FUA|257|INDENNITÀ TURNO, RISCHIO, DISAGIO ECC.|+
2015|SSNA|U|VOCI UTILIZZO FUA|264|INDENNITÀ DI SPECIFICITÀ MEDICA|+
2015|SSNA|U|VOCI UTILIZZO FUA|265|RETRIBUZIONE DI POSIZIONE UNIFICATA|+
2015|SSNA|U|VOCI UTILIZZO FUA|267|SPECIFICO TRATTAMENTO ECONOMICO|+
2015|SSNA|U|VOCI UTILIZZO FUA|268|INDENNITÀ DI INCARICO DI DIREZIONE DI STRUTTURA COMPLESSA|+
2015|SSNA|U|VOCI UTILIZZO FUA|269|ALTRI ISTITUTI FONDO POSIZIONE|+
2015|SSNA|U|VOCI UTILIZZO FUA|273|STRAORDINARIO|+
2015|SSNA|U|VOCI UTILIZZO FUA|274|INDENNITÀ CONDIZIONI DI LAVORO|+
2015|SSNA|U|VOCI UTILIZZO FUA|280|RETRIBUZIONE PER SPECIFICHE DISPOSIZIONI DI LEGGE|+
2015|SSNA|U|VOCI UTILIZZO FUA|281|ALTRI ISTITUTI FONDO RISULTATO|+
2015|SSNA|U|VOCI UTILIZZO FUA|304|ALTRI ISTITUTI FONDO FASCE|+
2015|SSNA|U|VOCI UTILIZZO FUA|324|ALTRI ISTITUTI FONDO PRODUTTIVITÀ|+
2015|SSNA|U|VOCI UTILIZZO FUA|449|RETRIBUZIONE DI RISULTATO|+
2015|SSNA|U|VOCI UTILIZZO FUA|45A|RETRIBUZIONE DI POSIZIONE PARTE VARIABILE AZIENDALE|+
2015|SSNA|U|VOCI UTILIZZO FUA|58A|SOSTITUZIONI (ART. 18 CCNL 98-01)|+
2015|SSNA|U|VOCI UTILIZZO FUA|582|COMPENSO PER QUALITÀ PRESTAZIONE INDIVIDUALE|+
2015|SSNA|U|VOCI UTILIZZO FUA|893|POSIZIONI ORGANIZZATIVE|+
2015|SSNA|U|VOCI UTILIZZO FUA|97H|PROGRESSIONI ORIZZONTALI FONDO ANNO DI RIF.TO|+
2015|SSNA|U|VOCI UTILIZZO FUA|98H|PRODUTTIVITÀ / PERFORMANCE COLLETTIVA - STAB|+
2015|SSNA|U|VOCI UTILIZZO FUA|99H|PRODUTTIVITÀ / PERFORMANCE INDIVIDUALE - STAB|+
2015|UCAM|F|VOCI ALIMENTAZIONE FUA|12E|INCREMENTI CCNL 04-05 (ART. 29 C. 2 )|+
2015|UCAM|F|VOCI ALIMENTAZIONE FUA|13E|INCREMENTI CCNL 06-09 (ART. 16 C. 2 )|+
2015|UCAM|F|VOCI ALIMENTAZIONE FUA|19E|ECON. FONDO STRAORD. ANNO PREC.TE (ART. 16 C. 3 CCNL 06-09)|+
2015|UCAM|F|VOCI ALIMENTAZIONE FUA|27I|DECURTAZIONE PERMANENTE EX ART. 1 C. 456 L. 147/2013|-
2015|UCAM|F|VOCI ALIMENTAZIONE FUA|49A|DECURT. PER LIMITE ART1 C189 L266/05-RIS.FISSE (2004-10%)|-
2015|UCAM|F|VOCI ALIMENTAZIONE FUA|76G|FONDO 2004 CERT ORG CONTR. /PARTE FISSA (ART1 C189 L266/05)|+
2015|UCAM|F|VOCI ALIMENTAZIONE FUA|96H|ECONOMIE AGGIUNTIVE (ART. 16 CC. 4-5 L. 111/11)|+
2015|UCAM|F|VOCI ALIMENTAZIONE FUA|995|ALTRE RISORSE VARIABILI|+
2015|UCAM|F|VOCI ALIMENTAZIONE FUA|999|SOMME NON UTILIZZATE FONDO ANNO PRECEDENTE|+
2015|UCAM|U|VOCI UTILIZZO FUA|255|PROGRESSIONI ORIZZONTALI STORICHE|+
2015|UCAM|U|VOCI UTILIZZO FUA|257|INDENNITÀ TURNO, RISCHIO, DISAGIO ECC.|+
2015|UCAM|U|VOCI UTILIZZO FUA|98H|PRODUTTIVITÀ / PERFORMANCE COLLETTIVA - STAB|+
2015|UNIV|F|VOCI ALIMENTAZIONE FUA|17A|INCREMENTI CCNL 04-05 (ART. 7 C. 1 ALINEA 2 E 3)|+
2015|UNIV|F|VOCI ALIMENTAZIONE FUA|18A|RIA PERSONALE CESSATO INTERO IMPORTO(ART62 C4 P1 CCNL 02-05)|+
2015|UNIV|F|VOCI ALIMENTAZIONE FUA|19A|INCR DOT ORG O RIORG STABILE SERVIZI (ART.62 C.7 CCNL 02-05)|+
2015|UNIV|F|VOCI ALIMENTAZIONE FUA|21I|RATEO PEO CESS./PASS. CAT. ANNO PREC(ART.1 C.193 L.266/2005)|+
2015|UNIV|F|VOCI ALIMENTAZIONE FUA|22A|MAGG. ENTR. O EC. GEST. (ART. 62 C. 3 L. C CCNL 02-05)|+
2015|UNIV|F|VOCI ALIMENTAZIONE FUA|22I|PROGRESSIONI ORIZZONTALI A CARICO BILANCIO - RISORSE|+
2015|UNIV|F|VOCI ALIMENTAZIONE FUA|23A|INCARICHI AGG.VI E COMP. PROF.LI (ART.62 C.3 L.D CCNL02-05)|+
2015|UNIV|F|VOCI ALIMENTAZIONE FUA|24A|ATT NUOVI SERV O INCR. DOT.ORG - VAR (ART.62 C.7 CCNL02-05)|+
2015|UNIV|F|VOCI ALIMENTAZIONE FUA|27I|DECURTAZIONE PERMANENTE EX ART. 1 C. 456 L. 147/2013|-
2015|UNIV|F|VOCI ALIMENTAZIONE FUA|30A|INCREMENTI CCNL 04-05 (ART. 5 C. 1 - QUOTA B-C-D)|+
2015|UNIV|F|VOCI ALIMENTAZIONE FUA|31A|INCREMENTI CCNL 06-09 (ART. 90 C. 2)|+
2015|UNIV|F|VOCI ALIMENTAZIONE FUA|33A|ATT NUOVI SERV O INCR DOT.ORG - VAR (ART10 C1 L F CCNL04-05)|+
2015|UNIV|F|VOCI ALIMENTAZIONE FUA|41A|INCREMENTI CCNL 06-09 (ART. 87 C. 1 L. C)|+
2015|UNIV|F|VOCI ALIMENTAZIONE FUA|45A|DIFF. CESS. O PASS. CATEGORIA (ART87 C1 L.E CCNL 06-09)|+
2015|UNIV|F|VOCI ALIMENTAZIONE FUA|46A|INCR. PEO DA RIS STAB PRODUT (ART88 C.2 L.A  P.2 CCNL 06-09)|+
2015|UNIV|F|VOCI ALIMENTAZIONE FUA|47A|RIA PERS. CESS. MISURA INTERA(ART87 C1 L D P.3 CCNL 06-09)|+
2015|UNIV|F|VOCI ALIMENTAZIONE FUA|48A|DEC FONDO PER PEO (ART88 C4 CCNL06-09)|-
2015|UNIV|F|VOCI ALIMENTAZIONE FUA|49A|DECURT. PER LIMITE ART1 C189 L266/05-RIS.FISSE (2004-10%)|-
2015|UNIV|F|VOCI ALIMENTAZIONE FUA|50A|DECURT. RIS STAB PRODUT PER PEO (ART88 C2 L.A P.2 CCNL06-09)|-
2015|UNIV|F|VOCI ALIMENTAZIONE FUA|50H|ENTRATE CONTO TERZI O UTENZA O SPONSORIZZ. (ART 43 L 449/97)|+
2015|UNIV|F|VOCI ALIMENTAZIONE FUA|51A|SPECIFICHE DISP. DI LEGGE (ART. 67 C. 1 L. F CCNL 98-01)|+
2015|UNIV|F|VOCI ALIMENTAZIONE FUA|51H|RISPARMI DI GESTIONE (ART. 43 L. 449/1997)|+
2015|UNIV|F|VOCI ALIMENTAZIONE FUA|52A|RISPARMI DA STRAORDINARIO (ART. 86 C. 4 CCNL 06-09)|+
2015|UNIV|F|VOCI ALIMENTAZIONE FUA|53A|ATTIV. NUOVI SERV O RIORG - VARIAB. (ART.87 C.2 CCNL06-09)|+
2015|UNIV|F|VOCI ALIMENTAZIONE FUA|54A|DECURT. PER LIMITE ART1 C189 L266/05 - RIS VAR (2004-10%)|-
2015|UNIV|F|VOCI ALIMENTAZIONE FUA|76G|FONDO 2004 CERT ORG CONTR. /PARTE FISSA (ART1 C189 L266/05)|+
2015|UNIV|F|VOCI ALIMENTAZIONE FUA|78G|Q.TA C.TO TERZI O PROGR. COMUN. (ART.4 C.2 L.Q CCNL 06-09)|+
2015|UNIV|F|VOCI ALIMENTAZIONE FUA|79G|RIA CESS. O PASS. CAT. ANNO PREC(ART87 C1 L.D P2 CCNL 06-09)|+
2015|UNIV|F|VOCI ALIMENTAZIONE FUA|84G|INCREMENTI CCNL 04-05 (ART. 5 C. 1 - QUOTA EP)|+
2015|UNIV|F|VOCI ALIMENTAZIONE FUA|85G|INCREMENTI CCNL 06-09 (ART. 22 C. 1)|+
2015|UNIV|F|VOCI ALIMENTAZIONE FUA|86G|INCREMENTI CCNL 08-09 (ART. 7 C. 1)|+
2015|UNIV|F|VOCI ALIMENTAZIONE FUA|86H|ALTRE DECURTAZIONE DEL FONDO /  PARTE FISSA|-
2015|UNIV|F|VOCI ALIMENTAZIONE FUA|87G|RIA PERS CESS. ANNO PREC MENS RES.(ART.62 C.4 P2 CCNL 02-05)|+
2015|UNIV|F|VOCI ALIMENTAZIONE FUA|87H|INCREM DOTAZ ORG E RELAT COPERT (ART. 87 C. 2 CCNL 06-09)|+
2015|UNIV|F|VOCI ALIMENTAZIONE FUA|88G|FINANZ. INCARICHI AGG. C.TO TERZI(ART.75 CC.7-8 CCNL 06-09)|+
2015|UNIV|F|VOCI ALIMENTAZIONE FUA|89G|FINANZ. INCARICHI AGG. C.TO AMM.NE(ART.75 CC.7-8 CCNL 06-09)|+
2015|UNIV|F|VOCI ALIMENTAZIONE FUA|91H|ALTRE DECURTAZIONI DEL FONDO /  PARTE VARIABILE|-
2015|UNIV|F|VOCI ALIMENTAZIONE FUA|92H|RIDUZIONE STABILE DELLO STRAORDINARIO(ART.86 C.4 CCNL 06-09)|+
2015|UNIV|F|VOCI ALIMENTAZIONE FUA|93H|LIQUIDAZIONE SENTENZE FAVOREVOLI ALL'ENTE (RD 1578/1933)|+
2015|UNIV|F|VOCI ALIMENTAZIONE FUA|930|QUOTE PER LA PROGETTAZIONE (ART. 92 CC. 5-6  D.LGS. 163/06)|+
2015|UNIV|F|VOCI ALIMENTAZIONE FUA|97H|INCREM DOTAZ ORG E RELAT COPERT (ART.10 C. 1 L. F CCNL04-05)|+
2015|UNIV|F|VOCI ALIMENTAZIONE FUA|995|ALTRE RISORSE VARIABILI|+
2015|UNIV|F|VOCI ALIMENTAZIONE FUA|998|ALTRE RISORSE FISSE CON CARATTERE DI CERTEZZA E STABILITÀ|+
2015|UNIV|F|VOCI ALIMENTAZIONE FUA|999|SOMME NON UTILIZZATE FONDO ANNO PRECEDENTE|+
2015|UNIV|U|VOCI UTILIZZO FUA|01I|ALTRI ISTITUTI NON COMPRESI FRA I PRECEDENTI - STAB|+
2015|UNIV|U|VOCI UTILIZZO FUA|03I|RETRIBUZIONE DI RISULTATO - VAR|+
2015|UNIV|U|VOCI UTILIZZO FUA|08A|INDENNITÀ DI RESPONSABILITÀ / PROFESSIONALITÀ|+
2015|UNIV|U|VOCI UTILIZZO FUA|09A|PRODUTTIVITÀ / PERFORMANCE COLLETTIVA|+
2015|UNIV|U|VOCI UTILIZZO FUA|10A|PRODUTTIVITÀ / PERFORMANCE INDIVIDUALE|+
2015|UNIV|U|VOCI UTILIZZO FUA|257|INDENNITÀ TURNO, RISCHIO, DISAGIO ECC.|+
2015|UNIV|U|VOCI UTILIZZO FUA|346|INDENNITÀ MENSILE ACCESSORIA|+
2015|UNIV|U|VOCI UTILIZZO FUA|448|RETRIBUZIONE DI POSIZIONE|+
2015|UNIV|U|VOCI UTILIZZO FUA|449|RETRIBUZIONE DI RISULTATO|+
2015|UNIV|U|VOCI UTILIZZO FUA|56A|PROGRESSIONI ORIZZONTALI B-C-D-EP - STORICHE|+
2015|UNIV|U|VOCI UTILIZZO FUA|62A|PROGRESSIONI ORIZZONTALI A CARICO DEL BILANCIO IMPIEGHI|+
2015|UNIV|U|VOCI UTILIZZO FUA|97H|PROGRESSIONI ORIZZONTALI FONDO ANNO DI RIF.TO|+
2015|UNIV|U|VOCI UTILIZZO FUA|98H|PRODUTTIVITÀ / PERFORMANCE COLLETTIVA - STAB|+
2015|UNIV|U|VOCI UTILIZZO FUA|99H|PRODUTTIVITÀ / PERFORMANCE INDIVIDUALE - STAB|+
2015|UNIV|U|VOCI UTILIZZO FUA|998|ALTRI ISTITUTI NON COMPRESI FRA I PRECEDENTI|+
2015|VVFF|F|VOCI ALIMENTAZIONE FUA|27G|RISORSE CON  CARATTERE DI CERTEZZA E STABILITÀ FUA 2007|+
2015|VVFF|F|VOCI ALIMENTAZIONE FUA|28G|INCREMENTI DPR 06-09 (ART. 6 C. 1 DPR 06-09)|+
2015|VVFF|F|VOCI ALIMENTAZIONE FUA|29G|RISORSE FISSE PERSONALE CESSATO (RIA ECC.)|+
2015|VVFF|F|VOCI ALIMENTAZIONE FUA|30G|RISORSE VARIABILI PERSONALE CESSATO (RIA ECC.)|+
2015|VVFF|F|VOCI ALIMENTAZIONE FUA|32G|RISP. DI GESTIONE SPESE DI PERS. (ART.47 C.2 L.B CCNL 98-01)|+
2015|VVFF|F|VOCI ALIMENTAZIONE FUA|76H|INCREMENTI DPR 08-09 (ART. 6 C. 1 DPR 08-09)|+
2015|VVFF|F|VOCI ALIMENTAZIONE FUA|77H|INCREMENTI DPR 08-09 (ART. 7 C. 1 DPR 08-09)|+
2015|VVFF|F|VOCI ALIMENTAZIONE FUA|79H|INCREMENTI DPR 08-09 (ART. 7 C. 2 DPR 08-09)|+
2015|VVFF|F|VOCI ALIMENTAZIONE FUA|80H|INCREMENTI DPR 08-09 (ART. 8 C. 1 DPR 08-09)|+
2015|VVFF|F|VOCI ALIMENTAZIONE FUA|86H|ALTRE DECURTAZIONE DEL FONDO /  PARTE FISSA|-
2015|VVFF|F|VOCI ALIMENTAZIONE FUA|995|ALTRE RISORSE VARIABILI|+
2015|VVFF|F|VOCI ALIMENTAZIONE FUA|998|ALTRE RISORSE FISSE CON CARATTERE DI CERTEZZA E STABILITÀ|+
2015|VVFF|U|VOCI UTILIZZO FUA|01I|ALTRI ISTITUTI NON COMPRESI FRA I PRECEDENTI - STAB|+
2015|VVFF|U|VOCI UTILIZZO FUA|257|INDENNITÀ TURNO, RISCHIO, DISAGIO ECC.|+
